"","Male","Age","Chinese","EduF_Med","EduF_High","EduM_Med","EduM_High","EduS_Med","EduS_High"
"1",1,0,1,0,1,1,0,1,0
"2",1,0,1,0,1,0,1,1,0
"3",1,0,1,1,0,0,1,1,0
"4",1,0,1,0,0,0,0,1,0
"5",1,0,1,1,0,0,0,1,0
"6",1,0,1,0,1,0,0,1,0
"7",1,0,1,0,1,0,0,1,0
"8",1,0,1,0,0,0,0,1,0
"9",1,0,1,0,1,0,0,1,0
"10",1,0,1,0,1,0,1,1,0
"11",1,0,1,1,0,0,0,1,0
"12",0,0,1,0,1,0,0,1,0
"13",1,0,1,1,0,0,1,1,0
"14",1,0,1,0,1,1,0,1,0
"15",0,0,1,0,1,0,1,1,0
"16",0,0,1,0,0,0,1,1,0
"17",1,0,1,0,1,0,1,1,0
"18",1,0,1,0,0,0,1,1,0
"19",1,0,1,0,1,0,1,1,0
"20",0,0,1,1,0,0,0,1,0
"21",0,0,1,0,1,0,1,1,0
"22",1,0,1,0,0,0,0,1,0
"23",1,0,1,0,0,0,0,1,0
"24",1,0,1,0,1,0,1,1,0
"25",1,0,1,0,1,0,1,1,0
"26",1,0,1,0,1,0,1,1,0
"27",1,0,1,0,0,0,0,1,0
"28",1,0,1,0,1,1,0,1,0
"29",1,0,1,0,0,0,0,1,0
"30",1,0,1,0,1,0,1,1,0
"31",1,0,1,0,0,0,0,1,0
"32",1,0,1,0,1,0,1,1,0
"33",0,0,1,0,1,0,1,1,0
"34",0,0,1,0,1,0,1,1,0
"35",0,0,0,0,1,0,1,1,0
"36",1,0,0,0,1,0,1,1,0
"37",1,0,0,1,0,1,0,1,0
"38",1,0,0,1,0,1,0,1,0
"39",1,0,0,1,0,0,1,1,0
"40",1,0,0,0,1,0,1,1,0
"41",0,0,0,0,0,0,0,1,0
"42",0,0,0,1,0,1,0,1,0
"43",0,0,0,1,0,1,0,1,0
"44",1,0,0,0,1,0,1,1,0
"45",0,0,0,1,0,0,1,1,0
"46",0,0,0,0,1,0,1,1,0
"47",0,0,0,1,0,1,0,1,0
"48",1,0,0,0,1,0,0,1,0
"49",1,0,0,1,0,1,0,1,0
"50",1,0,0,1,0,0,1,1,0
"51",1,0,0,0,1,0,1,1,0
"52",0,0,0,0,1,1,0,1,0
"53",0,0,0,0,1,0,1,1,0
"54",0,0,0,0,1,0,1,1,0
"55",0,0,0,1,0,1,0,1,0
"56",0,0,0,0,1,0,1,1,0
"57",1,0,1,0,1,0,1,1,0
"58",0,0,0,1,0,0,1,1,0
"59",0,0,0,0,0,0,0,1,0
"60",1,0,0,0,1,0,1,1,0
"61",1,0,0,0,1,0,1,1,0
"62",0,0,0,1,0,0,1,1,0
"63",1,0,0,1,0,0,0,1,0
"64",1,0,0,1,0,1,0,1,0
"65",0,0,0,0,0,0,0,1,0
"66",0,0,1,0,1,0,1,1,0
"67",0,0,1,0,1,0,1,1,0
"68",1,0,0,0,0,0,0,1,0
"69",1,0,0,0,1,0,1,1,0
"70",0,0,0,1,0,0,0,1,0
"71",0,0,0,1,0,0,0,1,0
"72",1,0,0,0,1,0,1,1,0
"73",0,0,0,0,0,0,0,1,0
"74",1,0,0,1,0,1,0,1,0
"75",1,0,0,0,1,0,1,1,0
"76",1,0,0,0,1,0,1,1,0
"77",1,0,0,0,1,0,1,1,0
"78",0,0,0,0,0,0,1,1,0
"79",0,0,0,0,0,0,0,1,0
"80",0,0,0,0,1,0,1,1,0
"81",0,0,0,1,0,0,1,1,0
"82",1,0,0,0,0,0,0,1,0
"83",0,0,0,0,1,1,0,1,0
"84",0,0,0,0,0,0,0,1,0
"85",1,0,0,1,0,0,1,1,0
"86",1,0,0,1,0,1,0,1,0
"87",0,0,0,0,1,0,1,1,0
"88",0,0,0,1,0,1,0,1,0
"89",1,0,0,0,1,0,1,1,0
"90",1,1,0,0,1,0,1,1,0
"91",1,0,0,1,0,0,0,1,0
"92",1,0,0,0,1,0,1,1,0
"93",1,0,0,0,1,0,1,1,0
"94",1,0,0,0,1,0,1,1,0
"95",1,0,0,1,0,0,0,1,0
"96",1,0,0,0,1,0,1,1,0
"97",1,0,0,0,0,0,0,1,0
"98",1,0,0,0,1,0,1,1,0
"99",1,0,0,1,0,0,1,1,0
"100",1,0,0,0,0,0,0,1,0
"101",1,0,0,1,0,1,0,1,0
"102",1,0,0,0,1,1,0,1,0
"103",1,0,0,1,0,0,1,1,0
"104",1,0,0,0,1,0,1,1,0
"105",1,0,0,0,1,0,1,1,0
"106",0,0,0,1,0,1,0,1,0
"107",0,0,0,1,0,1,0,1,0
"108",0,0,0,1,0,1,0,1,0
"109",0,0,1,0,0,0,0,1,0
"110",1,0,1,0,0,0,0,1,0
"111",0,0,1,1,0,0,0,1,0
"112",1,0,1,0,1,0,1,1,0
"113",1,0,1,0,1,0,1,1,0
"114",0,0,1,0,1,0,1,1,0
"115",0,0,1,1,0,1,0,1,0
"116",1,0,1,0,0,0,0,1,0
"117",1,0,1,0,1,0,1,1,0
"118",1,0,1,1,0,1,0,1,0
"119",1,0,1,1,0,1,0,1,0
"120",1,0,1,0,1,0,1,1,0
"121",1,0,1,0,1,0,1,1,0
"122",1,0,1,0,1,0,1,1,0
"123",0,0,0,0,1,0,1,1,0
"124",1,0,0,0,1,0,1,1,0
"125",1,0,0,0,1,0,1,1,0
"126",1,0,0,0,0,0,1,1,0
"127",1,0,0,0,1,0,1,1,0
"128",1,0,0,0,0,0,0,1,0
"129",0,0,0,0,0,0,0,1,0
"130",1,0,0,0,1,0,1,1,0
"131",0,0,0,1,0,1,0,1,0
"132",1,0,0,1,0,1,0,1,0
"133",1,0,0,0,1,0,0,1,0
"134",0,0,0,0,1,0,1,1,0
"135",0,0,0,0,0,0,0,1,0
"136",1,0,0,0,0,0,0,1,0
"137",1,0,0,0,1,1,0,1,0
"138",0,0,0,0,0,0,0,1,0
"139",0,0,0,0,1,0,1,1,0
"140",0,0,0,1,0,1,0,1,0
"141",1,0,0,0,1,0,1,1,0
"142",1,0,0,1,0,1,0,1,0
"143",1,0,1,0,1,0,1,1,0
"144",1,0,0,0,1,0,1,1,0
"145",1,0,1,0,1,0,1,1,0
"146",0,0,1,0,1,0,1,0,0
"147",1,0,1,0,1,0,0,0,0
"148",0,0,1,0,0,0,0,0,0
"149",1,0,1,0,0,1,0,0,0
"150",1,1,1,0,0,0,0,1,0
"151",1,0,1,0,1,0,1,1,0
"152",0,0,1,0,1,0,1,1,0
"153",0,0,1,0,1,0,1,1,0
"154",0,0,1,0,1,0,1,1,0
"155",1,0,1,0,0,0,0,0,0
"156",1,1,1,0,1,0,1,0,1
"157",0,0,1,0,0,0,0,1,0
"158",0,0,1,0,0,0,0,0,1
"159",0,1,1,0,0,0,0,0,1
"160",1,1,1,0,1,0,1,0,0
"161",1,0,1,1,0,0,0,1,0
"162",0,0,1,0,0,0,0,0,0
"163",0,0,1,0,0,0,0,0,0
"164",1,1,1,1,0,0,0,1,0
"165",0,1,1,0,0,0,0,0,1
"166",0,0,1,0,0,0,0,0,1
"167",0,1,1,0,1,0,0,1,0
"168",0,0,1,0,1,0,1,1,0
"169",0,0,1,0,0,0,1,1,0
"170",0,1,1,1,0,0,0,1,0
"171",0,0,1,0,1,0,1,1,0
"172",1,0,1,0,0,0,0,1,0
"173",0,1,1,0,1,0,1,1,0
"174",0,0,1,1,0,1,0,1,0
"175",0,1,0,1,0,0,1,1,0
"176",0,0,0,1,0,0,0,1,0
"177",0,1,0,0,0,0,0,1,0
"178",0,0,0,0,0,0,0,1,0
"179",0,1,0,0,0,0,0,1,0
"180",0,1,0,1,0,1,0,1,0
"181",0,0,1,0,1,0,0,0,0
"182",0,0,1,0,1,0,1,1,0
"183",0,0,1,0,1,0,1,0,0
"184",0,0,0,0,1,0,1,1,0
"185",0,1,0,1,0,1,0,1,0
"186",0,0,1,0,0,0,0,0,0
"187",0,0,1,0,1,0,0,0,1
"188",0,0,1,0,1,0,1,0,0
"189",0,1,0,1,0,1,0,0,1
"190",0,0,0,1,0,1,0,1,0
"191",0,0,1,0,0,0,1,1,0
"192",0,0,1,0,0,0,0,0,0
"193",0,0,1,0,1,0,0,0,0
"194",0,0,1,1,0,0,0,0,1
"195",0,0,0,1,0,0,1,1,0
"196",0,0,1,0,0,0,0,0,1
"197",0,0,1,0,0,0,0,0,1
"198",0,0,0,0,1,1,0,0,1
"199",0,1,0,1,0,0,0,1,0
"200",0,0,1,0,0,0,0,1,0
"201",0,1,1,0,0,0,0,0,1
"202",0,0,0,1,0,1,0,1,0
"203",0,1,1,0,0,0,0,0,1
"204",0,1,0,1,0,1,0,1,0
"205",0,1,1,0,0,0,0,1,0
"206",0,0,0,0,0,0,0,1,0
"207",0,1,0,0,0,0,0,1,0
"208",0,0,1,1,0,1,0,1,0
"209",1,0,1,0,1,0,0,0,0
"210",0,1,1,0,0,0,0,0,0
"211",1,0,1,0,0,1,0,0,0
"212",0,0,1,1,0,1,0,1,0
"213",0,0,1,0,0,0,0,0,0
"214",1,1,1,0,0,0,0,1,0
"215",0,0,1,0,0,0,0,1,0
"216",0,1,1,0,0,0,0,1,0
"217",1,0,1,0,1,0,1,1,0
"218",0,0,0,1,0,0,1,1,0
"219",0,1,0,1,0,0,0,1,0
"220",0,1,1,0,1,0,0,0,1
"221",0,0,1,0,1,0,0,0,0
"222",0,0,0,0,1,1,0,0,1
"223",1,1,1,1,0,0,0,1,0
"224",1,0,1,1,0,0,0,1,0
"225",0,0,1,0,1,0,0,1,0
"226",0,1,1,0,0,0,0,1,0
"227",0,0,1,0,1,0,1,1,0
"228",0,1,1,0,0,0,1,1,0
"229",0,0,1,1,0,0,0,1,0
"230",0,1,1,0,1,0,1,1,0
"231",1,0,1,0,0,0,0,1,0
"232",0,0,1,0,1,0,1,1,0
"233",0,0,1,1,0,1,0,1,0
"234",0,0,0,0,0,0,0,1,0
"235",0,0,0,0,0,1,0,1,0
"236",0,0,0,1,0,0,0,1,0
"237",0,0,0,0,1,0,1,0,1
"238",0,0,0,0,0,0,0,1,0
"239",0,0,0,1,0,0,1,1,0
"240",0,0,0,1,0,1,0,1,0
"241",0,0,0,1,0,0,1,1,0
"242",0,1,0,1,0,0,0,1,0
"243",0,0,0,1,0,0,1,1,0
"244",0,0,0,0,1,0,1,1,0
"245",0,0,0,1,0,0,0,1,0
"246",0,0,0,0,0,0,0,1,0
"247",0,0,0,1,0,0,1,1,0
"248",0,0,0,0,0,0,0,1,0
"249",0,0,0,0,0,0,0,1,0
"250",0,0,0,1,0,1,0,1,0
"251",0,0,0,1,0,1,0,1,0
"252",0,0,0,1,0,1,0,0,1
"253",0,0,0,1,0,1,0,1,0
"254",0,0,0,1,0,0,1,1,0
"255",0,0,0,0,0,0,0,1,0
"256",0,0,0,1,0,1,0,1,0
"257",0,0,0,1,0,1,0,1,0
"258",0,0,0,0,1,1,0,1,0
"259",0,0,0,1,0,1,0,1,0
"260",0,0,0,1,0,1,0,1,0
"261",0,0,0,0,1,0,1,1,0
"262",0,0,0,0,0,0,0,1,0
"263",0,0,0,0,1,1,0,1,0
"264",0,0,0,0,1,1,0,1,0
"265",0,0,0,1,0,1,0,1,0
"266",0,0,0,1,0,1,0,1,0
"267",0,0,0,0,0,1,0,1,0
"268",0,0,0,0,0,0,0,1,0
"269",0,0,0,1,0,0,1,1,0
"270",0,0,1,0,0,1,0,1,0
"271",0,1,0,0,0,0,0,1,0
"272",0,0,1,0,0,0,0,0,1
"273",0,0,0,0,0,0,0,1,0
"274",0,0,0,0,1,1,0,1,0
"275",0,0,0,0,0,0,0,1,0
"276",0,0,0,0,0,0,0,0,1
"277",0,0,0,0,0,0,0,1,0
"278",0,0,0,0,0,0,0,1,0
"279",0,0,0,1,0,1,0,1,0
"280",0,0,0,1,0,1,0,1,0
"281",0,0,0,0,1,1,0,0,1
"282",0,1,0,1,0,0,0,1,0
"283",0,0,0,1,0,1,0,1,0
"284",0,0,0,1,0,1,0,1,0
"285",0,0,0,0,0,0,0,1,0
"286",0,0,0,0,1,1,0,1,0
"287",0,0,0,1,0,1,0,1,0
"288",0,0,0,0,0,0,0,1,0
"289",0,0,0,0,0,0,0,1,0
"290",0,0,0,0,0,0,0,1,0
"291",0,0,0,0,0,0,0,1,0
"292",0,0,0,0,0,0,0,1,0
"293",0,1,0,1,0,1,0,1,0
"294",0,0,0,0,1,0,1,1,0
"295",0,0,0,1,0,1,0,1,0
"296",0,1,0,1,0,1,0,0,1
"297",0,0,0,1,0,1,0,1,0
"298",0,0,0,1,0,0,1,1,0
"299",0,0,1,0,0,1,0,1,0
"300",0,0,1,0,0,0,0,0,1
"301",0,0,0,0,1,1,0,0,1
"302",0,1,0,1,0,0,0,1,0
"303",0,0,0,1,0,1,0,1,0
"304",0,0,0,1,0,1,0,1,0
"305",0,0,0,0,0,0,0,1,0
"306",0,1,0,0,0,0,0,1,0
"307",1,0,1,0,1,0,0,0,0
"308",0,0,1,0,0,0,0,0,0
"309",1,0,1,0,0,1,0,0,0
"310",1,1,1,0,0,0,0,1,0
"311",1,0,1,0,1,0,1,1,0
"312",0,1,0,1,0,0,1,1,0
"313",0,0,0,1,0,0,0,1,0
"314",0,0,1,1,0,1,0,1,0
"315",0,1,1,0,1,0,0,0,1
"316",0,1,1,0,1,0,0,0,0
"317",0,0,0,0,1,1,0,0,1
"318",0,1,1,0,1,0,0,1,0
"319",0,0,1,0,1,0,1,1,0
"320",0,0,1,0,0,0,1,1,0
"321",0,1,1,1,0,0,0,1,0
"322",0,0,1,0,1,0,1,1,0
"323",1,0,1,0,0,0,0,1,0
"324",0,0,1,1,0,1,0,1,0
"325",0,0,1,0,0,0,0,1,0
"326",0,0,1,0,0,0,0,1,0
"327",0,0,1,1,0,1,0,1,0
"328",0,0,1,1,0,1,0,1,0
"329",0,0,1,1,0,1,0,1,0
"330",0,0,1,1,0,1,0,1,0
"331",0,0,0,0,0,0,0,1,0
"332",1,1,1,0,1,0,1,0,1
"333",0,0,1,0,1,0,1,1,0
"334",0,0,1,0,1,0,1,1,0
"335",0,0,1,0,1,0,1,0,0
"336",0,0,1,0,1,0,1,1,0
"337",0,0,1,0,1,0,1,1,0
"338",0,0,1,0,1,0,1,1,0
"339",0,1,1,0,1,0,1,0,0
"340",0,1,1,0,1,0,1,0,0
"341",0,1,1,0,1,0,1,0,0
"342",0,1,1,0,1,0,1,0,0
"343",0,1,1,0,1,0,1,0,1
"344",0,0,1,1,0,0,0,1,0
"345",1,1,1,0,0,0,0,0,1
"346",0,1,1,0,0,0,0,0,1
"347",0,0,1,0,0,0,0,0,1
"348",0,1,1,0,0,0,0,0,1
"349",0,0,1,0,0,0,0,0,1
"350",0,0,1,0,1,0,0,0,0
"351",0,0,1,0,0,1,0,0,0
"352",0,0,1,1,0,1,0,0,0
"353",1,0,1,0,1,0,1,1,0
"354",0,0,1,0,0,0,0,1,0
"355",0,0,1,0,1,0,1,0,0
"356",0,0,1,0,1,0,1,1,0
"357",0,1,1,0,1,0,1,0,1
"358",0,0,1,0,1,0,1,1,0
"359",1,1,1,0,1,0,1,0,1
"360",0,0,1,0,1,0,1,1,0
"361",0,0,1,0,1,0,1,1,0
"362",0,1,1,0,1,0,1,1,0
"363",0,0,1,0,1,0,1,0,1
"364",1,1,1,0,0,1,0,0,0
"365",0,0,1,0,1,0,1,1,0
"366",0,0,1,0,0,0,0,1,0
"367",0,0,1,0,0,0,0,1,0
"368",0,0,1,0,1,0,1,1,0
"369",1,1,1,0,0,0,0,0,1
"370",1,0,1,0,1,1,0,0,1
"371",1,0,1,1,0,0,0,1,0
"372",1,0,1,0,1,0,1,1,0
"373",0,0,1,0,1,0,1,1,0
"374",0,0,1,0,1,0,1,1,0
"375",1,0,1,0,1,0,1,1,0
"376",0,0,1,0,1,0,1,0,0
"377",0,0,1,0,1,0,1,0,0
"378",0,0,1,0,1,0,1,0,0
"379",1,1,1,0,1,0,1,0,0
"380",1,0,1,0,1,0,1,1,0
"381",0,0,1,0,1,0,1,1,0
"382",0,0,1,0,0,0,0,0,0
"383",0,0,1,0,1,0,1,0,1
"384",0,0,0,0,0,1,0,1,0
"385",1,0,1,1,0,1,0,1,0
"386",1,1,1,1,0,0,1,0,1
"387",1,1,1,0,1,0,1,0,1
"388",0,0,1,0,1,0,1,1,0
"389",0,0,1,0,1,0,1,1,0
"390",1,0,1,0,1,0,1,0,1
"391",1,1,1,0,0,0,0,0,0
"392",0,0,1,0,1,0,1,0,0
"393",0,0,1,0,0,0,0,0,1
"394",0,0,1,0,0,0,0,1,0
"395",0,0,1,0,1,0,1,1,0
"396",0,1,1,0,1,0,1,1,0
"397",0,1,1,0,1,0,1,1,0
"398",0,0,1,0,1,0,1,1,0
"399",0,0,1,0,1,0,1,1,0
"400",0,0,1,0,1,0,1,1,0
"401",1,0,1,0,1,0,1,1,0
"402",0,0,1,0,1,0,1,1,0
"403",0,0,1,0,1,0,1,1,0
"404",0,0,1,0,1,0,1,0,1
"405",0,0,1,0,1,0,1,0,1
"406",0,0,1,0,1,0,1,1,0
"407",0,0,1,0,1,0,1,1,0
"408",1,0,1,0,1,0,1,0,0
"409",1,0,1,0,1,0,1,0,1
"410",1,0,1,1,0,0,0,1,0
"411",1,0,1,1,0,0,0,1,0
"412",0,1,1,0,1,0,1,1,0
"413",0,1,1,0,1,0,1,1,0
"414",0,1,1,0,1,0,1,0,1
"415",0,1,1,0,1,0,1,0,0
"416",1,0,1,0,0,0,0,1,0
"417",0,0,1,0,0,0,0,0,0
"418",1,0,1,0,0,0,0,1,0
"419",1,0,1,0,0,0,1,1,0
"420",0,0,1,0,0,0,1,1,0
"421",0,0,1,0,1,0,1,0,1
"422",0,0,1,0,0,0,1,1,0
"423",1,0,1,0,1,0,1,1,0
"424",1,0,1,0,1,0,1,1,0
"425",1,0,1,0,1,1,0,1,0
"426",1,0,1,0,1,1,0,0,0
"427",1,0,1,0,1,0,1,0,0
"428",1,0,1,1,0,0,0,0,0
"429",1,0,1,1,0,0,0,0,0
"430",0,0,1,0,1,1,0,1,0
"431",0,0,1,0,1,1,0,1,0
"432",0,0,1,0,1,0,1,1,0
"433",1,0,1,0,1,0,1,0,0
"434",1,0,1,0,1,0,1,1,0
"435",1,0,1,0,1,0,1,1,0
"436",0,0,1,0,1,0,1,0,0
"437",0,0,1,0,1,0,1,0,0
"438",0,0,1,0,1,0,1,1,0
"439",1,0,1,0,1,0,1,0,0
"440",1,0,1,0,1,0,1,1,0
"441",1,0,1,0,1,0,1,1,0
"442",0,1,1,0,1,0,1,1,0
"443",1,0,1,0,1,0,1,1,0
"444",0,0,1,0,1,1,0,1,0
"445",0,0,1,0,1,0,1,0,0
"446",0,1,1,0,1,0,1,0,0
"447",0,0,1,0,1,0,1,0,0
"448",0,0,1,0,0,1,0,1,0
"449",0,0,1,0,1,0,1,1,0
"450",0,0,1,0,0,0,0,1,0
"451",1,0,1,1,0,1,0,1,0
"452",1,0,1,0,0,0,0,1,0
"453",1,0,1,0,0,0,0,1,0
"454",1,0,1,0,1,1,0,1,0
"455",1,0,1,0,0,0,0,1,0
"456",1,0,1,0,0,0,0,1,0
"457",0,0,1,0,1,0,1,0,0
"458",0,0,1,0,1,0,1,1,0
"459",0,0,1,0,1,0,1,1,0
"460",0,0,1,0,0,0,1,0,0
"461",0,0,1,0,0,0,0,0,0
"462",0,1,1,0,0,0,1,0,1
"463",0,1,1,0,1,0,1,1,0
"464",0,0,1,0,0,0,1,0,1
"465",0,0,1,0,1,0,1,1,0
"466",0,0,1,0,1,0,1,1,0
"467",0,0,1,0,1,0,1,1,0
"468",0,1,1,0,1,0,1,1,0
"469",1,0,1,0,1,0,1,1,0
"470",0,0,1,0,1,0,1,1,0
"471",0,0,1,0,1,0,1,0,1
"472",1,1,1,0,1,0,1,1,0
"473",1,0,1,0,1,0,1,1,0
"474",0,1,1,0,1,0,1,1,0
"475",1,0,1,0,1,0,1,1,0
"476",1,0,1,0,1,0,1,0,1
"477",0,1,1,0,1,0,1,1,0
"478",0,1,1,0,1,0,1,1,0
"479",0,1,1,0,1,0,1,1,0
"480",1,1,1,0,1,0,1,1,0
"481",0,0,1,0,1,0,1,1,0
"482",0,0,1,0,1,0,1,1,0
"483",0,0,1,0,1,0,1,1,0
"484",0,0,1,0,1,0,1,1,0
"485",0,0,1,0,1,0,1,1,0
"486",0,0,1,0,1,0,1,1,0
"487",0,0,1,0,1,0,1,0,1
"488",0,1,1,0,1,0,1,0,0
"489",0,1,1,0,1,0,1,1,0
"490",0,1,1,0,1,0,1,0,0
"491",0,0,1,0,1,0,1,0,0
"492",0,0,1,0,1,0,1,0,0
"493",0,0,1,0,1,0,1,0,0
"494",0,0,1,0,1,0,1,0,1
"495",1,0,1,0,1,0,1,1,0
"496",0,0,1,0,1,0,1,0,0
"497",1,0,1,0,1,0,1,0,0
"498",1,0,1,0,1,0,1,0,0
"499",1,0,1,0,1,0,1,0,0
"500",1,0,1,0,1,0,1,0,0
"501",1,0,1,0,1,0,1,0,0
"502",1,0,1,0,1,0,1,0,0
"503",1,0,1,0,1,0,1,0,0
"504",1,0,1,0,1,0,1,0,0
"505",1,0,1,0,1,0,1,0,0
"506",1,0,1,0,1,0,1,0,0
"507",1,0,1,0,1,0,1,0,0
"508",1,0,1,0,1,0,1,0,0
"509",1,0,1,0,1,0,1,0,0
"510",1,0,1,0,1,0,1,0,0
"511",1,0,1,0,1,0,1,0,0
"512",1,0,1,0,1,0,1,0,0
"513",1,0,1,0,1,0,1,0,0
"514",1,0,1,0,1,0,1,0,0
"515",1,0,1,0,1,0,1,0,0
"516",1,0,1,0,1,0,1,0,0
"517",1,0,1,0,1,0,1,0,0
"518",1,0,1,0,1,0,1,0,0
"519",1,0,1,0,1,0,1,0,0
"520",1,0,1,0,1,0,1,0,0
"521",1,0,1,0,1,0,1,0,0
"522",1,0,1,0,1,0,1,0,0
"523",1,0,1,0,1,0,1,0,0
"524",1,0,1,0,1,0,1,0,0
"525",1,0,1,0,1,0,1,0,0
"526",1,0,1,0,1,0,1,0,0
"527",1,0,1,0,1,0,1,0,0
"528",1,0,1,0,1,0,1,0,0
"529",1,0,1,0,1,0,1,0,0
"530",1,0,1,0,1,0,1,0,0
"531",1,0,1,0,1,0,1,0,0
"532",1,0,1,0,1,0,1,0,0
"533",1,0,1,0,1,0,1,0,0
"534",0,0,1,0,1,1,0,0,0
"535",1,0,1,1,0,1,0,1,0
"536",1,0,1,0,1,0,1,0,0
"537",1,0,1,0,1,0,1,0,1
"538",1,0,1,0,1,0,1,1,0
"539",0,0,1,0,1,0,1,1,0
"540",1,0,1,0,1,1,0,1,0
"541",0,0,1,0,1,1,0,1,0
"542",0,0,1,0,1,0,1,1,0
"543",0,0,1,0,1,1,0,1,0
"544",1,0,1,0,1,0,1,1,0
"545",1,0,1,0,1,0,1,1,0
"546",1,0,1,0,1,0,1,0,0
"547",1,0,1,0,1,0,1,0,0
"548",1,0,1,0,1,0,1,0,0
"549",1,0,1,0,1,0,1,0,0
"550",1,0,1,0,1,0,1,0,0
"551",1,0,1,0,0,0,0,0,0
"552",1,0,1,0,0,1,0,1,0
"553",1,0,1,0,1,0,1,0,0
"554",0,0,1,0,1,0,1,0,1
"555",0,0,1,0,1,0,1,0,0
"556",1,0,1,0,1,0,1,0,0
"557",0,1,1,0,1,0,1,0,1
"558",0,1,1,0,1,0,1,0,1
"559",0,0,1,0,1,0,1,1,0
"560",0,0,1,0,1,0,1,1,0
"561",0,0,1,0,1,0,1,0,1
"562",0,0,1,0,1,0,1,1,0
"563",0,0,1,0,1,0,1,0,1
"564",0,0,1,0,1,0,1,0,1
"565",0,1,1,0,1,0,1,0,1
"566",0,1,1,0,1,0,1,0,1
"567",0,0,1,0,1,0,1,1,0
"568",0,1,1,0,1,0,1,0,1
"569",0,1,1,0,1,0,1,1,0
"570",0,1,1,0,1,0,1,1,0
"571",1,0,1,0,1,0,1,1,0
"572",1,1,1,0,1,0,1,0,1
"573",1,1,1,0,1,0,1,0,1
"574",1,0,1,0,1,0,1,0,1
"575",1,0,1,0,1,0,1,0,1
"576",1,0,1,0,1,0,1,0,1
"577",1,0,1,0,1,0,1,0,1
"578",0,0,1,0,1,0,1,0,1
"579",0,0,1,0,1,0,1,0,1
"580",0,0,1,0,1,0,1,0,1
"581",0,0,1,0,1,0,1,0,1
"582",1,0,1,0,1,0,1,0,1
"583",0,0,1,0,1,0,1,0,1
"584",0,0,1,0,1,0,1,0,1
"585",1,0,1,0,1,0,1,0,1
"586",0,0,1,0,1,0,1,0,1
"587",0,0,1,0,1,0,1,0,1
"588",1,0,1,0,1,0,1,0,1
"589",1,0,1,0,1,0,1,0,1
"590",0,0,1,0,1,0,1,0,1
"591",0,1,1,0,1,0,1,1,0
"592",0,1,1,0,1,0,1,1,0
"593",0,1,1,0,1,0,1,1,0
"594",0,0,1,0,1,0,1,0,0
"595",0,0,1,0,1,0,1,0,0
"596",0,0,1,0,1,0,1,0,0
"597",0,0,1,0,1,0,1,0,0
"598",0,0,1,0,1,0,1,0,0
"599",0,0,1,0,1,0,1,0,0
"600",0,0,1,0,1,0,1,0,0
"601",0,0,1,0,1,0,1,0,0
"602",0,0,1,0,1,0,1,0,0
"603",0,0,1,0,1,0,1,0,0
"604",1,0,1,0,1,0,1,1,0
"605",0,0,1,1,0,0,0,0,1
"606",0,0,1,0,0,0,0,1,0
"607",1,0,1,0,1,0,1,1,0
"608",1,0,1,0,0,0,0,0,1
"609",0,1,1,0,0,0,1,1,0
"610",1,0,1,0,1,0,1,1,0
"611",0,1,1,0,0,0,0,1,0
"612",0,0,1,1,0,0,0,1,0
"613",0,0,1,1,0,1,0,1,0
"614",1,0,1,0,1,0,1,0,0
"615",0,0,1,0,0,0,0,0,1
"616",1,0,1,0,1,0,1,0,1
"617",1,0,1,1,0,0,1,0,0
"618",1,0,1,0,0,1,0,0,1
"619",1,0,0,0,0,0,1,1,0
"620",1,0,1,0,1,0,1,0,0
"621",1,0,1,1,0,0,0,1,0
"622",0,0,1,0,1,0,1,1,0
"623",0,0,1,0,1,0,1,1,0
"624",1,1,0,0,1,0,1,0,0
"625",1,0,1,0,1,0,1,1,0
"626",1,0,1,0,1,0,1,0,0
"627",1,0,1,0,1,0,1,0,0
"628",1,0,1,0,1,0,1,0,0
"629",0,0,1,0,0,0,0,1,0
"630",1,0,1,0,1,0,1,1,0
"631",0,0,1,0,1,0,1,0,0
"632",1,0,1,0,1,0,1,0,0
"633",1,1,0,0,0,0,0,0,0
"634",1,0,1,0,1,0,1,0,0
"635",1,0,1,0,1,0,1,0,0
"636",0,1,1,0,1,0,1,0,0
"637",1,0,1,0,1,0,1,1,0
"638",0,0,1,0,1,0,1,1,0
"639",1,0,1,0,1,0,1,1,0
"640",0,0,1,0,1,0,1,0,0
"641",0,1,1,0,1,0,1,1,0
"642",0,0,1,0,0,0,0,0,1
"643",0,0,1,0,0,0,0,1,0
"644",0,0,1,0,0,0,0,1,0
"645",1,0,1,0,1,0,1,0,0
"646",1,0,1,0,1,0,1,1,0
"647",0,0,1,0,1,0,1,1,0
"648",0,1,1,0,1,0,1,1,0
"649",0,0,1,0,1,0,1,0,0
"650",0,0,1,0,1,0,1,0,0
"651",0,0,1,0,1,0,1,1,0
"652",0,0,1,0,1,0,1,1,0
"653",0,0,1,0,1,0,1,1,0
"654",0,0,1,0,1,0,1,1,0
"655",0,0,1,0,1,0,1,1,0
"656",0,0,1,0,1,0,1,1,0
"657",0,0,1,0,1,0,1,0,0
"658",1,0,1,0,1,0,1,0,0
"659",1,0,1,0,1,0,1,0,0
"660",1,0,1,0,1,0,1,0,0
"661",0,0,1,0,0,1,0,0,0
"662",0,0,1,0,1,0,1,0,0
"663",0,0,1,0,1,0,1,1,0
"664",1,0,1,0,1,0,1,1,0
"665",0,0,1,0,1,0,1,0,0
"666",1,0,1,0,1,0,1,0,0
"667",1,0,1,0,1,0,1,0,0
"668",1,0,1,0,1,0,1,0,0
"669",1,0,1,0,1,0,1,0,0
"670",1,0,1,0,1,1,0,1,0
"671",0,0,1,0,1,0,1,1,0
"672",1,1,1,0,0,1,0,0,1
"673",1,0,1,1,0,1,0,1,0
"674",1,0,1,0,1,0,1,0,0
"675",0,0,1,0,1,0,1,1,0
"676",1,0,1,0,1,0,1,0,0
"677",0,0,1,0,1,0,1,1,0
"678",0,0,1,0,1,0,1,0,0
"679",0,0,1,0,1,0,1,0,0
"680",1,0,1,0,1,0,1,1,0
"681",0,0,1,0,1,0,1,1,0
"682",0,0,1,0,1,0,1,0,0
"683",0,0,1,0,1,0,1,1,0
"684",0,0,1,0,1,0,1,1,0
"685",0,1,1,0,0,0,0,0,0
"686",1,0,1,0,1,0,1,1,0
"687",0,0,0,0,1,0,0,0,0
"688",1,0,1,1,0,0,1,1,0
"689",1,0,1,1,0,0,0,1,0
"690",1,1,1,0,1,1,0,0,1
"691",1,0,1,0,1,0,1,1,0
"692",1,1,1,1,0,0,1,1,0
"693",1,0,1,0,1,0,1,1,0
"694",1,1,1,0,0,1,0,1,0
"695",0,0,1,0,1,0,1,1,0
"696",0,1,1,0,1,0,1,0,0
"697",0,1,1,0,1,0,1,1,0
"698",0,0,1,0,1,0,1,1,0
"699",0,0,1,0,1,0,1,0,0
"700",1,0,1,0,1,0,1,1,0
"701",1,0,1,0,1,0,1,0,0
"702",1,0,1,0,1,0,1,0,0
"703",1,0,1,0,1,0,1,0,0
"704",1,0,1,0,1,0,1,0,0
"705",1,0,1,0,1,0,1,0,0
"706",1,0,1,0,1,0,1,0,0
"707",1,0,1,0,1,0,1,0,0
"708",1,0,1,0,1,0,1,1,0
"709",0,0,1,0,1,0,1,1,0
"710",0,0,1,0,1,0,1,1,0
"711",0,0,1,0,1,0,1,1,0
"712",0,0,1,0,1,0,1,1,0
"713",1,0,1,0,1,0,1,1,0
"714",1,0,1,0,1,0,1,1,0
"715",1,0,1,0,1,0,1,1,0
"716",1,0,1,0,1,0,1,1,0
"717",1,0,1,0,1,0,1,0,0
"718",0,0,1,0,1,0,1,1,0
"719",1,0,1,0,1,0,1,0,0
"720",0,1,1,0,1,0,1,1,0
"721",0,0,1,0,1,0,1,1,0
"722",1,0,1,0,1,0,1,1,0
"723",1,1,1,0,1,0,1,0,1
"724",1,1,1,0,1,0,1,0,1
"725",0,0,1,1,0,1,0,0,1
"726",1,0,1,0,1,0,1,0,0
"727",1,0,1,0,1,0,1,0,0
"728",1,0,1,0,1,0,1,0,0
"729",1,0,1,0,1,0,1,0,0
"730",1,0,1,0,1,0,1,0,0
"731",1,0,1,0,1,0,1,0,0
"732",1,0,1,0,1,0,1,1,0
"733",1,1,0,0,1,0,1,0,1
"734",1,0,0,0,1,0,1,0,0
"735",1,0,0,0,1,0,1,0,0
"736",1,0,0,0,1,0,1,0,0
"737",1,0,0,0,1,0,1,0,0
"738",0,0,0,0,1,0,1,0,0
"739",1,0,0,0,1,0,1,0,0
"740",0,0,1,0,1,1,0,0,0
"741",1,0,1,0,1,0,1,1,0
"742",0,0,1,0,1,0,0,1,0
"743",1,0,1,1,0,0,1,1,0
"744",0,0,1,0,1,0,0,1,0
"745",1,0,1,0,1,1,0,1,0
"746",0,0,1,1,0,0,0,0,0
"747",0,0,1,0,1,0,1,1,0
"748",1,0,1,0,1,0,1,1,0
"749",1,0,1,0,0,0,0,0,0
"750",0,0,1,0,1,0,1,0,1
"751",0,0,1,0,1,0,1,0,0
"752",0,0,1,0,0,0,0,0,0
"753",1,0,1,0,1,0,1,0,0
"754",0,0,1,0,1,0,1,1,0
"755",0,0,1,0,1,0,1,1,0
"756",1,0,1,0,1,0,1,1,0
"757",0,0,1,0,1,0,1,1,0
"758",1,0,1,0,1,0,1,1,0
"759",1,0,1,0,1,0,1,1,0
"760",0,0,1,0,0,0,1,1,0
"761",0,0,1,0,0,0,0,0,1
"762",1,0,1,0,1,0,1,0,0
"763",1,0,1,0,1,0,1,0,0
"764",1,0,1,0,1,0,1,0,0
"765",0,0,0,0,1,0,1,0,0
"766",1,0,1,0,1,0,1,0,0
"767",0,0,1,0,1,0,1,0,0
"768",1,0,1,0,1,0,1,0,0
"769",1,0,1,0,1,0,1,0,0
"770",1,0,1,0,1,0,1,0,0
"771",1,0,1,0,1,0,1,0,0
"772",1,0,1,0,1,0,1,0,0
"773",1,0,1,0,1,0,1,1,0
"774",1,0,1,0,1,0,1,1,0
"775",1,0,1,0,1,0,1,1,0
"776",1,0,1,0,1,0,1,1,0
"777",0,0,1,0,1,0,1,0,0
"778",0,0,1,0,1,0,1,0,0
"779",1,0,1,0,1,0,1,0,0
"780",1,0,1,0,1,0,1,1,0
"781",0,0,1,0,1,0,1,1,0
"782",0,0,1,0,1,0,1,1,0
"783",1,0,1,0,1,0,1,1,0
"784",1,0,1,0,1,0,1,0,1
"785",0,0,1,0,1,0,1,1,0
"786",1,0,1,0,1,0,1,1,0
"787",1,0,1,0,1,0,1,0,0
"788",1,0,1,0,1,0,1,1,0
"789",1,0,1,0,1,0,1,1,0
"790",1,0,1,0,1,0,1,1,0
"791",1,0,1,0,1,0,1,0,1
"792",1,0,1,0,1,0,1,0,1
"793",0,0,1,0,1,0,1,0,0
"794",0,0,1,0,1,0,1,0,0
"795",0,0,1,0,1,0,1,0,0
"796",0,0,1,0,1,0,1,1,0
"797",0,0,1,0,1,0,1,0,0
"798",1,0,1,0,1,0,1,0,0
"799",1,0,1,0,1,0,1,0,0
"800",1,0,1,0,1,0,1,0,0
"801",1,0,1,0,1,0,1,0,0
"802",1,0,1,0,1,0,1,0,0
"803",1,0,1,0,1,0,1,0,0
"804",0,0,1,0,1,0,1,1,0
"805",0,0,1,0,1,0,1,0,1
"806",0,0,1,0,1,0,1,0,1
"807",0,0,1,0,1,0,1,1,0
"808",0,0,1,0,1,0,1,0,1
"809",0,0,1,0,1,0,1,0,0
"810",1,0,1,1,0,1,0,1,0
"811",1,0,1,1,0,0,0,1,0
"812",1,0,1,1,0,0,0,0,0
"813",0,0,1,0,1,0,1,1,0
"814",0,0,1,1,0,0,0,1,0
"815",1,0,1,0,1,1,0,0,0
"816",1,0,1,0,1,0,1,1,0
"817",1,0,1,0,1,0,1,1,0
"818",1,0,1,0,1,0,1,1,0
"819",1,0,1,0,0,0,0,0,0
"820",1,0,1,0,1,0,1,1,0
"821",1,0,1,0,1,0,1,1,0
"822",0,0,1,0,1,0,1,0,0
"823",0,0,1,0,0,0,0,0,0
"824",1,1,1,0,1,0,0,1,0
"825",1,0,1,0,1,0,1,1,0
"826",1,0,1,0,1,0,1,1,0
"827",1,0,1,1,0,1,0,0,0
"828",1,0,1,0,0,0,0,0,0
"829",1,0,1,0,0,0,0,0,0
"830",1,0,1,0,1,0,1,1,0
"831",0,0,1,0,1,0,1,1,0
"832",1,0,1,0,1,0,1,1,0
"833",1,0,1,1,0,0,0,1,0
"834",0,0,1,0,1,0,1,1,0
"835",0,0,1,0,1,0,1,1,0
"836",1,0,1,1,0,1,0,1,0
"837",1,0,1,0,1,0,0,1,0
"838",1,0,1,0,1,0,1,1,0
"839",1,0,1,1,0,1,0,1,0
"840",1,0,1,0,1,0,1,1,0
"841",1,0,1,0,0,1,0,1,0
"842",1,0,1,0,0,1,0,1,0
"843",0,0,1,0,1,0,0,0,0
"844",1,0,1,0,0,0,0,1,0
"845",1,0,1,0,1,0,1,0,0
"846",0,0,1,0,1,0,0,0,0
"847",1,1,1,0,1,0,1,0,1
"848",1,1,1,0,0,0,0,0,1
"849",0,1,1,0,0,0,0,0,1
"850",1,1,1,1,0,0,0,1,0
"851",1,1,1,0,0,0,0,0,1
"852",0,0,1,0,1,0,1,0,1
"853",1,0,1,0,1,0,1,1,0
"854",1,0,1,0,0,0,0,0,1
"855",1,1,1,1,0,1,0,0,0
"856",1,0,1,0,1,0,1,0,0
"857",0,0,1,0,1,0,1,0,0
"858",0,0,1,0,1,0,1,0,0
"859",0,0,1,0,0,0,0,1,0
"860",0,0,1,0,1,0,1,1,0
"861",0,0,1,0,0,0,0,1,0
"862",0,0,1,0,0,0,0,1,0
"863",0,0,1,0,0,0,0,0,1
"864",0,1,1,0,1,1,0,0,0
"865",0,0,1,1,0,1,0,1,0
"866",0,0,1,0,1,1,0,1,0
"867",1,0,1,0,1,0,1,1,0
"868",1,0,1,0,1,0,1,1,0
"869",1,0,1,0,1,0,1,0,1
"870",0,0,1,1,0,1,0,1,0
"871",0,0,1,0,1,0,1,0,1
"872",0,0,1,1,0,1,0,0,1
"873",1,0,1,1,0,1,0,1,0
"874",0,0,1,0,1,0,1,0,0
"875",1,0,1,0,0,0,0,1,0
"876",1,0,1,0,0,0,0,1,0
"877",1,0,1,0,0,0,0,1,0
"878",1,0,1,0,0,0,0,1,0
"879",1,0,1,0,0,0,0,1,0
"880",1,0,1,0,0,0,0,1,0
"881",1,0,1,0,0,0,0,0,0
"882",1,0,1,0,0,0,0,0,0
"883",1,0,1,0,0,0,0,0,0
"884",1,0,1,0,0,0,0,0,0
"885",1,0,1,0,1,0,1,1,0
"886",1,0,1,0,0,0,0,0,0
"887",1,0,1,0,1,0,1,1,0
"888",1,0,1,0,1,0,1,1,0
"889",1,0,1,0,1,0,1,1,0
"890",1,0,1,0,1,0,1,0,0
"891",0,0,1,0,1,0,1,0,0
"892",0,0,1,0,1,0,1,0,0
"893",1,0,1,0,0,0,0,0,0
"894",1,0,1,0,1,0,1,0,0
"895",1,0,1,0,0,0,0,0,0
"896",1,0,1,0,0,0,0,0,0
"897",1,0,1,1,0,1,0,0,0
"898",1,0,1,0,1,0,1,0,0
"899",1,0,1,1,0,1,0,0,0
"900",1,0,1,0,0,0,0,0,0
"901",1,0,1,0,1,0,1,0,0
"902",1,0,1,0,1,0,1,0,0
"903",1,0,1,0,1,0,1,0,0
"904",1,0,1,0,1,0,1,0,0
"905",0,0,1,0,1,0,1,1,0
"906",0,0,1,0,1,1,0,1,0
"907",1,0,1,0,1,0,1,0,0
"908",1,0,1,0,0,0,0,1,0
"909",1,0,1,0,1,1,0,0,0
"910",1,0,1,0,1,0,1,1,0
"911",0,0,1,0,1,0,1,0,0
"912",0,0,1,0,1,0,1,0,0
"913",0,0,1,0,1,0,1,1,0
"914",0,1,1,0,1,0,0,0,0
"915",0,0,1,1,0,0,0,1,0
"916",0,0,1,0,0,1,0,0,1
"917",1,0,1,0,0,0,0,0,1
"918",1,0,1,0,0,0,0,0,1
"919",0,0,1,0,1,1,0,1,0
"920",1,0,1,0,0,0,0,0,1
"921",1,0,1,0,1,0,1,1,0
"922",1,0,1,0,1,0,1,1,0
"923",1,0,1,0,1,0,1,1,0
"924",0,0,1,0,1,1,0,0,0
"925",0,0,1,1,0,0,0,0,1
"926",0,0,1,0,1,0,1,1,0
"927",0,0,1,0,1,0,1,0,1
"928",0,0,1,0,0,0,0,0,0
"929",0,0,1,1,0,1,0,1,0
"930",0,0,1,0,1,0,0,1,0
"931",1,1,1,0,0,0,0,0,0
"932",0,0,1,1,0,0,0,1,0
"933",1,1,1,1,0,1,0,1,0
"934",0,0,1,0,1,0,1,1,0
"935",1,0,1,1,0,0,1,0,0
"936",1,0,1,1,0,0,0,0,0
"937",1,0,1,0,1,0,1,1,0
"938",1,0,1,0,0,0,0,0,1
"939",1,0,1,0,1,0,1,0,1
"940",0,0,1,0,0,1,0,0,1
"941",0,0,1,0,1,0,1,1,0
"942",1,0,1,0,0,0,0,0,1
"943",0,0,1,0,0,1,0,1,0
"944",1,0,1,0,1,0,1,1,0
"945",1,0,1,0,1,1,0,0,1
"946",1,0,1,0,0,0,0,0,1
"947",1,0,1,1,0,0,0,1,0
"948",1,0,1,0,1,0,1,1,0
"949",1,0,1,1,0,0,1,1,0
"950",1,0,1,0,0,1,0,0,0
"951",1,0,1,1,0,0,0,0,1
"952",1,0,1,0,1,0,1,1,0
"953",1,0,1,0,1,0,0,1,0
"954",1,0,1,0,1,0,1,0,0
"955",1,0,1,0,0,0,0,0,0
"956",1,0,1,1,0,1,0,1,0
"957",1,0,1,0,0,0,0,0,0
"958",1,0,1,0,1,0,1,0,0
"959",1,0,1,0,0,0,0,0,0
"960",1,0,1,0,1,0,1,1,0
"961",1,0,1,0,1,0,1,1,0
"962",1,0,1,0,1,0,1,0,1
"963",1,1,1,0,1,0,1,0,1
"964",1,0,1,0,1,0,1,1,0
"965",1,0,1,0,0,0,0,0,0
"966",1,0,1,0,1,0,1,1,0
"967",1,0,1,0,1,0,1,1,0
"968",1,0,1,0,1,0,1,1,0
"969",1,0,1,0,1,0,1,1,0
"970",1,0,1,0,1,0,1,1,0
"971",1,0,1,0,1,0,1,1,0
"972",1,0,1,0,1,0,1,1,0
"973",0,1,1,1,0,1,0,1,0
"974",0,1,1,0,1,0,1,0,0
"975",0,1,1,0,0,0,0,0,0
"976",0,1,1,0,1,0,1,0,1
"977",1,0,1,0,0,0,0,1,0
"978",1,0,1,0,0,0,0,1,0
"979",0,0,1,1,0,1,0,1,0
"980",1,0,1,0,0,0,0,1,0
"981",1,0,1,1,0,1,0,1,0
"982",0,1,1,0,1,0,0,0,1
"983",0,0,1,1,0,1,0,1,0
"984",1,0,1,1,0,1,0,1,0
"985",1,0,1,0,1,0,1,1,0
"986",1,0,1,1,0,0,1,1,0
"987",1,0,1,1,0,1,0,1,0
"988",1,0,1,1,0,1,0,1,0
"989",1,0,1,0,0,0,0,1,0
"990",1,0,1,1,0,0,0,1,0
"991",1,0,1,1,0,1,0,1,0
"992",1,0,1,1,0,1,0,1,0
"993",0,0,1,0,0,0,1,1,0
"994",1,0,1,0,0,0,0,1,0
"995",1,0,1,0,1,0,1,1,0
"996",1,0,1,0,0,0,0,1,0
"997",1,0,1,0,1,0,1,1,0
"998",0,0,1,0,1,0,1,0,1
"999",0,0,1,1,0,1,0,0,1
"1000",0,0,1,1,0,1,0,0,1
"1001",0,0,1,0,1,0,1,0,1
"1002",0,0,1,1,0,1,0,1,0
"1003",0,0,1,0,1,1,0,1,0
"1004",0,0,1,1,0,0,0,1,0
"1005",1,0,1,0,0,1,0,1,0
"1006",1,0,1,1,0,0,0,1,0
"1007",1,0,1,0,0,1,0,1,0
"1008",1,0,1,0,1,0,1,1,0
"1009",1,0,1,0,1,0,0,1,0
"1010",1,0,1,0,0,0,0,1,0
"1011",0,0,1,0,1,0,1,0,0
"1012",1,0,1,0,1,0,1,1,0
"1013",1,0,1,0,1,0,1,1,0
"1014",0,0,1,1,0,0,0,0,0
"1015",0,0,1,1,0,0,0,1,0
"1016",0,0,1,0,1,0,1,1,0
"1017",0,0,1,1,0,0,1,1,0
"1018",1,0,1,0,0,0,0,1,0
"1019",0,0,1,0,1,0,1,1,0
"1020",0,0,1,1,0,1,0,1,0
"1021",1,0,1,0,0,0,0,1,0
"1022",0,0,1,0,0,0,0,1,0
"1023",1,0,1,0,1,0,1,1,0
"1024",1,0,1,0,1,0,1,1,0
"1025",1,0,1,0,1,0,1,1,0
"1026",1,0,1,0,1,0,1,1,0
"1027",1,0,1,0,1,0,1,1,0
"1028",1,0,1,0,1,0,1,1,0
"1029",1,0,1,0,1,0,1,1,0
"1030",1,0,1,0,1,0,1,1,0
"1031",1,0,1,0,1,0,1,1,0
"1032",1,0,1,0,1,0,1,1,0
"1033",1,0,1,0,1,0,1,1,0
"1034",1,0,1,0,1,0,1,1,0
"1035",1,0,1,0,1,0,1,1,0
"1036",1,0,1,0,1,0,1,1,0
"1037",1,0,1,0,1,0,1,1,0
"1038",1,0,1,0,1,0,1,1,0
"1039",1,0,1,0,1,0,1,1,0
"1040",1,0,1,0,1,0,1,1,0
"1041",1,0,1,0,1,0,1,1,0
"1042",1,0,1,0,1,0,1,1,0
"1043",1,0,1,0,1,0,1,1,0
"1044",1,0,1,0,1,0,1,1,0
"1045",1,0,1,0,1,0,1,0,1
"1046",0,0,1,0,1,0,1,0,1
"1047",0,0,1,0,1,0,1,1,0
"1048",0,0,1,0,0,0,1,0,0
"1049",0,0,1,0,1,1,0,1,0
"1050",1,1,1,0,0,0,0,1,0
"1051",1,0,1,0,0,0,0,0,1
"1052",1,0,1,0,0,0,0,0,0
"1053",1,0,1,0,1,0,1,1,0
"1054",1,0,1,0,1,0,1,1,0
"1055",1,0,1,0,1,0,1,1,0
"1056",0,0,1,0,1,0,1,1,0
"1057",1,0,1,1,0,0,1,0,0
"1058",1,0,1,0,0,0,0,1,0
"1059",0,0,1,0,0,0,0,1,0
"1060",0,0,1,0,1,0,0,1,0
"1061",0,0,1,0,1,0,0,1,0
"1062",1,0,1,1,0,0,0,1,0
"1063",1,0,1,1,0,0,1,1,0
"1064",0,0,1,0,1,0,0,1,0
"1065",0,0,1,0,1,0,0,1,0
"1066",1,0,1,0,0,0,0,0,0
"1067",1,0,1,0,1,0,1,1,0
"1068",1,NA,1,1,0,1,0,1,0
"1069",0,0,1,0,1,0,0,1,0
"1070",0,0,1,1,0,1,0,1,0
"1071",0,0,1,0,1,0,1,1,0
"1072",0,0,1,1,0,1,0,1,0
"1073",1,0,1,0,1,0,1,1,0
"1074",NA,0,1,0,0,0,0,0,1
"1075",1,0,1,0,1,0,1,1,0
"1076",1,0,1,0,1,0,1,1,0
"1077",1,1,1,1,0,1,0,0,0
"1078",0,0,1,1,0,1,0,1,0
"1079",1,1,1,0,0,0,0,0,1
"1080",1,0,1,0,1,0,1,1,0
"1081",1,0,1,0,1,0,1,1,0
"1082",1,0,1,0,1,0,1,1,0
"1083",1,0,1,0,1,0,1,1,0
"1084",1,0,1,0,1,0,1,1,0
"1085",1,0,1,0,1,0,1,1,0
"1086",1,0,1,0,1,0,1,1,0
"1087",1,0,1,0,1,0,1,1,0
"1088",1,0,1,0,1,0,1,1,0
"1089",1,0,1,0,1,0,1,1,0
"1090",1,0,1,0,1,0,1,1,0
"1091",1,0,1,0,1,0,1,1,0
"1092",1,0,1,0,1,0,1,1,0
"1093",1,0,1,0,1,0,1,1,0
"1094",1,0,1,0,1,0,1,1,0
"1095",1,0,1,0,1,0,1,0,1
"1096",0,0,1,0,0,1,0,1,0
"1097",1,0,1,0,1,0,1,0,0
"1098",0,0,1,0,0,0,1,1,0
"1099",1,0,1,0,1,0,0,0,0
"1100",1,0,1,0,0,0,0,1,0
"1101",0,0,1,0,1,0,0,1,0
"1102",1,0,1,0,0,0,1,1,0
"1103",1,0,1,0,1,0,1,1,0
"1104",1,0,1,0,1,0,1,1,0
"1105",1,0,1,1,0,1,0,1,0
"1106",1,0,1,1,0,1,0,1,0
"1107",1,0,1,1,0,1,0,1,0
"1108",1,0,1,1,0,1,0,1,0
"1109",1,0,1,1,0,1,0,1,0
"1110",1,0,1,0,1,0,1,1,0
"1111",1,0,1,0,1,0,1,1,0
"1112",1,0,1,0,1,0,1,1,0
"1113",0,0,1,0,1,0,1,1,0
"1114",0,0,1,0,1,0,1,1,0
"1115",0,0,1,0,1,0,1,1,0
"1116",0,0,1,0,1,0,1,1,0
"1117",1,0,1,0,0,1,0,0,1
"1118",1,0,1,0,1,0,1,1,0
"1119",1,0,1,0,1,0,1,0,0
"1120",1,0,1,0,1,0,1,0,0
"1121",1,0,1,0,1,0,1,0,0
"1122",1,0,1,0,1,0,1,1,0
"1123",1,0,1,0,1,0,1,1,0
"1124",0,1,1,0,1,0,1,1,0
"1125",1,0,1,0,1,0,1,1,0
"1126",1,0,1,0,1,0,1,1,0
"1127",1,0,1,0,1,0,1,1,0
"1128",0,1,1,0,1,0,1,0,0
"1129",1,0,1,0,1,0,1,0,0
"1130",1,1,1,0,0,0,1,1,0
"1131",1,1,1,0,1,0,0,1,0
"1132",1,1,1,0,1,0,1,0,0
"1133",1,0,1,0,0,0,0,0,0
"1134",0,1,1,0,1,0,1,1,0
"1135",0,1,1,0,1,0,1,0,1
"1136",0,0,1,0,1,0,1,0,1
"1137",0,1,1,0,1,0,1,0,0
"1138",0,1,1,0,1,0,1,0,0
"1139",0,1,1,0,1,0,1,0,1
"1140",0,1,1,0,1,0,1,0,0
"1141",0,1,1,0,1,0,1,1,0
"1142",1,1,0,0,1,0,1,0,1
"1143",1,1,1,1,0,0,0,1,0
"1144",1,1,1,0,1,0,1,0,1
"1145",1,0,1,0,1,1,0,0,1
"1146",1,0,1,0,0,1,0,0,1
"1147",1,1,1,0,0,0,0,0,1
"1148",1,1,1,1,0,1,0,1,0
"1149",0,1,1,0,0,0,0,1,0
"1150",0,1,1,0,0,0,0,0,1
"1151",1,1,1,0,0,1,0,0,1
"1152",1,0,0,0,0,0,1,1,0
"1153",1,0,0,0,1,0,1,1,0
"1154",1,1,1,0,1,1,0,0,1
"1155",1,0,1,0,1,0,1,1,0
"1156",1,0,1,1,0,0,1,1,0
"1157",1,0,1,1,0,0,1,1,0
"1158",1,0,1,0,1,0,1,1,0
"1159",1,0,1,0,1,0,1,0,0
"1160",1,1,0,0,1,0,1,0,0
"1161",0,0,1,0,1,0,0,0,1
"1162",1,1,1,0,0,0,0,0,0
"1163",1,0,1,0,1,0,0,1,0
"1164",1,0,1,0,0,0,0,1,0
"1165",1,0,1,0,1,0,1,0,0
"1166",1,1,1,0,0,0,0,1,0
"1167",1,1,1,0,1,1,0,0,1
"1168",0,1,1,1,0,0,0,0,1
"1169",0,0,1,0,1,0,0,1,0
"1170",1,0,1,0,1,0,1,0,1
"1171",1,1,1,0,1,0,0,1,0
"1172",0,1,1,0,1,1,0,0,1
"1173",0,0,1,0,1,0,1,1,0
"1174",0,0,1,0,1,0,1,0,0
"1175",1,0,1,0,1,0,1,1,0
"1176",1,0,1,0,1,0,1,1,0
"1177",1,0,1,0,1,0,1,1,0
"1178",1,0,1,0,1,0,1,1,0
"1179",1,0,1,0,1,0,1,1,0
"1180",0,0,1,0,1,0,1,1,0
"1181",0,0,1,0,1,0,1,1,0
"1182",1,0,1,0,1,0,1,1,0
"1183",0,1,1,0,1,0,1,0,1
"1184",1,0,1,0,0,0,0,1,0
"1185",1,1,1,0,0,0,0,0,0
"1186",1,0,0,0,0,0,0,1,0
"1187",1,0,1,0,1,0,1,0,1
"1188",0,1,1,0,1,0,1,1,0
"1189",0,1,1,0,1,0,1,0,0
"1190",1,1,1,0,1,0,1,0,0
"1191",1,0,1,0,1,0,1,1,0
"1192",1,0,1,0,1,0,1,0,1
"1193",0,1,1,0,1,0,1,0,0
"1194",0,1,1,0,1,0,1,1,0
"1195",0,1,1,0,0,1,0,1,0
"1196",0,0,1,0,1,0,1,0,0
"1197",0,0,1,0,1,0,0,0,0
"1198",0,0,1,0,0,0,1,1,0
"1199",1,1,1,0,1,0,1,0,1
"1200",0,0,1,0,1,0,1,1,0
"1201",0,0,1,0,1,0,1,1,0
"1202",0,0,1,0,1,0,1,1,0
"1203",1,1,1,0,1,0,1,0,1
"1204",1,1,1,0,1,0,1,0,1
"1205",1,0,1,0,1,0,1,1,0
"1206",1,0,1,0,1,0,1,0,0
"1207",0,0,1,0,1,0,1,1,0
"1208",0,0,1,0,1,0,1,1,0
"1209",1,0,1,0,0,1,0,1,0
"1210",0,0,1,0,1,0,1,1,0
"1211",0,0,1,0,1,0,0,0,0
"1212",0,0,1,0,0,0,0,0,1
"1213",1,1,1,0,1,0,1,1,0
"1214",1,0,1,0,1,1,0,1,0
"1215",1,0,1,1,0,0,0,1,0
"1216",1,0,1,0,1,0,0,1,0
"1217",1,1,1,0,1,0,1,0,1
"1218",1,1,1,0,1,0,1,0,1
"1219",1,1,1,0,0,0,0,0,0
"1220",1,1,1,0,0,0,0,0,0
"1221",1,0,1,0,0,0,1,1,0
"1222",1,0,1,0,0,0,0,0,0
"1223",1,0,1,1,0,1,0,1,0
"1224",1,1,1,0,1,0,1,1,0
"1225",0,1,1,0,1,0,1,1,0
"1226",0,0,1,0,1,0,1,0,0
"1227",0,0,1,0,1,0,1,0,0
"1228",1,0,1,0,1,0,1,1,0
"1229",1,0,1,0,1,0,1,0,0
"1230",1,0,1,0,1,0,1,1,0
"1231",1,0,1,0,1,0,1,1,0
"1232",1,1,1,0,1,0,1,0,0
"1233",1,0,1,0,1,0,1,0,0
"1234",0,1,1,0,1,0,1,0,1
"1235",0,1,1,0,1,0,1,1,0
"1236",1,1,1,0,1,0,1,0,1
"1237",0,1,1,0,1,0,1,1,0
"1238",0,0,1,0,1,0,1,1,0
"1239",0,1,1,0,1,0,1,1,0
"1240",0,0,1,0,1,0,1,0,0
"1241",1,0,1,0,1,0,1,0,1
"1242",0,0,1,0,0,0,0,1,0
"1243",0,0,1,0,0,0,0,1,0
"1244",0,0,1,0,1,0,1,1,0
"1245",0,0,1,0,1,0,1,1,0
"1246",0,0,1,0,1,0,1,1,0
"1247",1,0,1,0,1,0,1,0,0
"1248",1,0,1,0,1,0,1,0,0
"1249",1,1,1,0,1,0,1,0,1
"1250",1,0,1,0,1,0,1,0,1
"1251",1,0,1,0,0,0,0,0,0
"1252",1,1,1,0,1,0,1,0,1
"1253",0,1,1,0,1,0,1,0,1
"1254",0,1,1,0,1,0,1,0,1
"1255",1,1,1,0,0,0,0,0,1
"1256",1,0,1,0,0,1,0,0,0
"1257",1,0,1,0,1,0,1,0,1
"1258",0,0,1,0,1,0,1,0,0
"1259",1,0,1,1,0,0,0,0,0
"1260",1,0,1,0,0,0,0,1,0
"1261",1,0,1,0,0,1,0,0,0
"1262",0,0,1,0,0,1,0,1,0
"1263",0,0,1,1,0,1,0,1,0
"1264",0,0,1,0,0,0,0,1,0
"1265",0,0,1,0,1,0,0,1,0
"1266",0,0,1,0,1,0,0,1,0
"1267",0,0,1,0,1,1,0,1,0
"1268",0,0,1,0,0,0,0,0,1
"1269",0,0,1,0,1,0,1,1,0
"1270",0,0,1,0,1,0,1,0,0
"1271",0,0,1,0,1,0,1,0,1
"1272",0,0,1,1,0,1,0,1,0
"1273",1,0,1,0,1,0,1,1,0
"1274",0,0,1,0,1,0,1,1,0
"1275",0,0,1,1,0,0,1,1,0
"1276",0,0,1,0,1,0,1,0,1
"1277",0,0,1,0,1,0,1,1,0
"1278",0,0,1,0,1,1,0,1,0
"1279",0,0,1,0,1,0,1,1,0
"1280",0,0,1,0,0,1,0,1,0
"1281",0,0,1,0,0,1,0,1,0
"1282",0,0,1,1,0,0,0,0,1
"1283",0,0,1,0,1,0,1,1,0
"1284",0,0,1,0,1,0,1,1,0
"1285",0,0,1,0,1,0,0,1,0
"1286",0,1,1,0,1,0,1,1,0
"1287",0,0,1,0,1,0,0,1,0
"1288",0,0,1,0,1,0,0,1,0
"1289",1,0,1,0,1,0,1,1,0
"1290",1,1,1,0,1,0,1,1,0
"1291",1,0,1,0,1,0,1,1,0
"1292",0,0,1,0,1,0,1,1,0
"1293",0,0,1,0,1,0,0,1,0
"1294",0,0,1,0,0,0,0,0,1
"1295",1,0,1,0,1,0,1,1,0
"1296",1,0,1,0,1,0,1,1,0
"1297",0,0,1,1,0,0,1,1,0
"1298",0,0,1,0,1,0,1,1,0
"1299",0,0,1,0,0,0,1,0,1
"1300",1,1,1,0,1,0,1,1,0
"1301",1,0,1,0,1,0,1,0,1
"1302",1,0,1,0,0,0,0,1,0
"1303",1,0,1,1,0,1,0,1,0
"1304",1,1,1,0,1,0,1,0,1
"1305",1,1,1,0,1,0,1,1,0
"1306",1,0,0,0,1,0,1,0,0
"1307",1,0,1,0,1,0,1,1,0
"1308",1,0,1,0,0,0,1,1,0
"1309",1,0,1,0,1,0,1,1,0
"1310",1,0,1,0,1,0,1,1,0
"1311",0,0,1,0,1,0,1,1,0
"1312",0,0,1,0,1,0,1,1,0
"1313",0,0,1,0,1,0,1,1,0
"1314",0,0,1,0,1,0,1,1,0
"1315",0,0,1,0,1,0,1,1,0
"1316",0,0,1,0,1,0,1,1,0
"1317",0,0,1,0,1,0,1,1,0
"1318",1,0,1,0,1,0,1,1,0
"1319",1,0,1,0,1,0,1,1,0
"1320",1,0,1,0,1,0,1,0,1
"1321",0,1,1,0,1,0,1,1,0
"1322",0,0,1,0,1,0,1,1,0
"1323",0,1,1,0,1,0,1,1,0
"1324",0,1,1,0,1,0,1,1,0
"1325",0,0,1,0,1,0,1,0,0
"1326",1,0,1,1,0,1,0,1,0
"1327",0,0,1,0,1,0,1,1,0
"1328",0,0,1,0,1,0,1,1,0
"1329",1,1,1,0,1,0,1,1,0
"1330",0,0,1,0,1,0,1,1,0
"1331",1,1,1,0,1,0,1,1,0
"1332",0,0,1,0,1,0,1,1,0
"1333",0,0,1,0,1,0,1,0,1
"1334",0,1,1,0,1,0,1,1,0
"1335",1,1,1,0,1,0,1,1,0
"1336",0,1,1,0,1,0,1,1,0
"1337",0,1,1,0,1,0,1,0,1
"1338",0,0,1,0,1,0,1,0,1
"1339",1,0,1,0,1,0,1,1,0
"1340",0,0,1,0,1,0,1,1,0
"1341",0,0,1,0,1,0,1,1,0
"1342",1,0,1,0,1,0,1,1,0
"1343",1,0,1,0,1,0,1,1,0
"1344",1,1,1,0,1,0,1,1,0
"1345",0,0,1,0,1,0,1,0,1
"1346",0,0,1,0,1,0,1,1,0
"1347",0,0,1,0,1,0,1,0,1
"1348",0,0,1,0,1,0,1,1,0
"1349",0,0,1,0,1,0,1,1,0
"1350",0,0,1,0,1,0,1,0,1
"1351",1,0,1,0,1,0,1,0,1
"1352",1,0,1,0,1,0,1,1,0
"1353",1,0,1,0,1,0,1,1,0
"1354",0,0,1,0,1,0,1,1,0
"1355",0,0,1,0,1,0,1,1,0
"1356",0,0,1,0,1,0,1,1,0
"1357",0,0,1,0,1,0,1,1,0
"1358",0,0,1,0,1,0,1,1,0
"1359",0,0,1,0,1,0,1,1,0
"1360",0,0,1,0,1,0,1,1,0
"1361",0,0,1,0,1,0,1,1,0
"1362",0,0,1,0,1,0,1,0,1
"1363",1,0,1,0,1,0,1,1,0
"1364",1,1,1,0,1,0,1,0,1
"1365",0,0,1,0,1,0,1,1,0
"1366",0,0,1,0,1,0,1,1,0
"1367",0,0,1,0,1,0,1,0,1
"1368",0,0,1,0,1,0,1,1,0
"1369",0,0,1,0,1,0,1,1,0
"1370",1,0,1,0,1,0,1,1,0
"1371",1,1,1,0,1,0,1,0,1
"1372",0,0,1,0,1,0,1,1,0
"1373",0,0,1,0,1,0,1,1,0
"1374",1,0,1,0,1,0,1,1,0
"1375",0,0,1,0,1,0,1,1,0
"1376",1,1,1,0,1,0,1,0,1
"1377",0,0,1,0,1,0,1,1,0
"1378",0,0,1,0,0,0,0,1,0
"1379",1,0,1,0,1,1,0,1,0
"1380",0,0,1,0,1,0,1,0,0
"1381",0,0,1,0,1,0,1,1,0
"1382",0,0,1,0,1,0,1,1,0
"1383",0,0,1,0,1,0,1,1,0
"1384",1,0,1,0,1,0,1,0,1
"1385",1,0,1,0,1,0,1,1,0
"1386",1,0,1,0,1,0,1,1,0
"1387",1,0,1,0,1,0,1,1,0
"1388",0,0,1,0,1,0,1,1,0
"1389",1,0,1,0,1,0,1,1,0
"1390",0,0,1,0,1,0,1,1,0
"1391",0,0,1,0,1,0,1,1,0
"1392",1,0,1,0,1,0,1,1,0
"1393",0,0,1,1,0,1,0,1,0
"1394",0,0,1,0,0,0,0,1,0
"1395",0,1,1,0,1,0,1,0,1
"1396",0,1,1,0,1,0,1,0,0
"1397",1,0,1,0,1,1,0,0,1
"1398",1,0,1,0,1,0,1,1,0
"1399",1,0,1,0,0,0,1,0,0
"1400",1,0,1,0,0,0,0,1,0
"1401",0,1,1,0,0,0,0,1,0
"1402",1,0,1,0,1,0,1,1,0
"1403",1,0,1,0,1,0,1,1,0
"1404",1,0,1,0,1,0,1,1,0
"1405",0,0,1,0,1,0,1,0,0
"1406",1,0,1,0,1,0,1,0,0
"1407",1,0,1,0,1,0,1,1,0
"1408",1,0,1,0,1,0,1,1,0
"1409",0,0,1,0,1,0,1,0,0
"1410",0,0,1,0,1,0,1,0,0
"1411",1,0,1,0,1,0,1,0,1
"1412",0,0,1,0,1,0,1,0,0
"1413",0,0,1,0,1,0,0,0,0
"1414",0,0,1,0,1,0,1,1,0
"1415",1,0,1,0,1,0,1,1,0
"1416",0,1,1,0,1,0,1,1,0
"1417",1,1,1,0,1,0,1,1,0
"1418",0,0,1,0,1,0,1,1,0
"1419",0,1,1,0,1,0,1,1,0
"1420",1,1,1,0,1,0,1,1,0
"1421",0,0,1,0,1,0,1,0,1
"1422",1,0,1,0,1,0,1,1,0
"1423",1,0,1,0,1,0,1,1,0
"1424",0,0,1,0,1,0,1,1,0
"1425",0,0,1,0,1,0,1,1,0
"1426",0,0,1,0,1,0,1,1,0
"1427",0,0,1,0,1,0,1,1,0
"1428",0,0,1,0,1,0,1,1,0
"1429",0,0,1,0,1,0,1,1,0
"1430",0,0,1,0,1,0,1,1,0
"1431",0,0,1,0,1,0,1,1,0
"1432",0,0,1,0,1,0,1,1,0
"1433",0,0,1,0,1,0,1,1,0
"1434",0,0,1,0,1,0,1,1,0
"1435",0,0,1,0,1,0,1,1,0
"1436",0,0,1,0,1,0,1,1,0
"1437",1,0,1,0,1,0,1,1,0
"1438",1,0,1,0,1,0,1,1,0
"1439",1,0,1,0,1,0,1,1,0
"1440",1,0,1,0,0,1,0,1,0
"1441",1,0,1,1,0,0,1,1,0
"1442",1,0,1,0,1,0,1,1,0
"1443",1,0,1,0,1,0,1,1,0
"1444",1,0,1,0,0,1,0,1,0
"1445",1,0,1,0,1,0,1,1,0
"1446",0,0,1,1,0,0,1,1,0
"1447",0,0,1,1,0,1,0,1,0
"1448",0,0,1,0,1,1,0,0,1
"1449",0,0,1,1,0,0,0,1,0
"1450",0,0,1,0,1,0,1,0,0
"1451",0,1,1,0,0,1,0,0,0
"1452",0,0,1,1,0,0,0,0,0
"1453",0,1,1,0,0,0,0,1,0
"1454",0,1,1,1,0,1,0,1,0
"1455",0,1,1,0,0,0,0,1,0
"1456",1,0,1,0,1,0,1,1,0
"1457",1,0,1,0,1,0,1,1,0
"1458",1,0,1,0,1,0,1,1,0
"1459",1,0,1,0,1,0,1,1,0
"1460",1,0,1,0,1,0,1,1,0
"1461",0,0,1,0,1,0,0,0,0
"1462",1,0,1,0,1,0,1,1,0
"1463",1,0,1,0,1,0,1,1,0
"1464",1,0,1,0,1,0,1,1,0
"1465",0,0,1,0,1,0,1,0,0
"1466",1,0,1,0,0,0,1,0,0
"1467",1,1,1,1,0,1,0,0,0
"1468",0,0,1,0,0,0,0,1,0
"1469",0,0,1,0,1,0,1,1,0
"1470",1,0,1,0,1,0,1,1,0
"1471",0,0,1,1,0,0,0,1,0
"1472",0,1,1,0,1,0,1,1,0
"1473",1,0,1,0,1,0,1,1,0
"1474",1,0,1,0,1,0,1,1,0
"1475",1,0,1,0,1,0,1,1,0
"1476",1,0,1,0,1,0,1,1,0
"1477",1,0,1,0,1,0,1,0,0
"1478",1,0,1,0,1,0,1,0,0
"1479",0,0,1,0,1,0,1,0,0
"1480",1,0,1,0,1,0,1,1,0
"1481",1,0,1,0,1,1,0,1,0
"1482",1,0,1,0,1,0,1,1,0
"1483",1,0,1,0,1,0,1,1,0
"1484",1,0,0,0,0,0,0,1,0
"1485",0,0,1,0,1,0,1,0,0
"1486",0,0,1,0,0,0,0,1,0
"1487",1,0,1,0,1,0,0,0,0
"1488",1,0,1,0,1,0,1,1,0
"1489",0,0,1,1,0,1,0,0,0
"1490",1,0,1,0,1,0,1,1,0
"1491",1,0,1,0,1,0,1,1,0
"1492",1,0,1,0,1,0,0,1,0
"1493",1,0,1,1,0,0,1,1,0
"1494",0,0,1,0,1,0,1,1,0
"1495",1,0,1,0,1,0,1,1,0
"1496",1,0,1,0,1,0,0,1,0
"1497",1,0,1,1,0,1,0,1,0
"1498",1,0,1,0,1,0,1,1,0
"1499",1,0,1,1,0,1,0,1,0
"1500",1,0,1,0,1,0,1,1,0
"1501",0,0,1,0,0,0,0,1,0
"1502",1,0,1,1,0,1,0,1,0
"1503",0,0,1,0,0,0,0,1,0
"1504",1,0,1,0,0,0,0,1,0
"1505",0,0,1,0,0,1,0,1,0
"1506",0,0,1,1,0,1,0,1,0
"1507",1,0,1,0,1,1,0,0,0
"1508",1,0,1,0,0,0,0,1,0
"1509",0,0,1,0,0,0,0,1,0
"1510",1,0,1,0,0,0,0,1,0
"1511",1,0,1,0,1,0,1,1,0
"1512",0,0,1,1,0,0,1,0,0
"1513",1,0,1,0,1,0,1,0,1
"1514",0,0,1,0,1,1,0,1,0
"1515",1,0,1,0,1,0,1,0,0
"1516",1,0,1,0,1,0,0,1,0
"1517",1,0,1,1,0,0,0,1,0
"1518",1,0,1,0,1,0,1,1,0
"1519",1,0,1,0,1,0,1,1,0
"1520",1,0,1,0,1,0,1,0,0
"1521",1,0,1,1,0,1,0,0,0
"1522",0,0,1,1,0,1,0,1,0
"1523",1,0,1,0,1,0,1,1,0
"1524",0,0,1,0,0,1,0,1,0
"1525",1,0,1,1,0,0,1,1,0
"1526",0,0,1,0,0,0,0,1,0
"1527",1,0,1,0,1,0,1,1,0
"1528",0,0,1,0,0,1,0,1,0
"1529",1,0,1,0,1,0,1,1,0
"1530",1,0,1,1,0,0,1,1,0
"1531",0,0,1,1,0,1,0,1,0
"1532",1,0,1,0,1,0,1,1,0
"1533",0,0,1,0,1,0,1,1,0
"1534",0,0,1,0,1,0,1,1,0
"1535",0,0,1,0,1,0,1,0,1
"1536",0,0,1,0,1,0,1,1,0
"1537",0,0,1,0,1,0,1,1,0
"1538",0,0,1,0,1,0,1,1,0
"1539",0,1,1,0,1,0,1,1,0
"1540",0,0,1,0,1,0,1,1,0
"1541",0,1,1,0,1,0,1,1,0
"1542",1,0,1,0,1,0,1,1,0
"1543",1,0,1,0,1,0,1,1,0
"1544",1,0,1,0,1,0,1,1,0
"1545",1,0,1,0,1,0,1,1,0
"1546",1,0,1,0,1,0,1,1,0
"1547",1,0,1,0,1,0,1,1,0
"1548",1,0,1,0,0,0,0,1,0
"1549",0,0,1,0,1,0,1,1,0
"1550",1,1,1,0,1,0,1,1,0
"1551",1,0,1,0,1,0,1,1,0
"1552",0,0,1,0,1,0,1,1,0
"1553",0,0,1,0,1,0,1,1,0
"1554",0,0,1,0,1,0,1,1,0
"1555",0,0,1,0,1,0,1,1,0
"1556",0,0,1,0,1,0,1,0,0
"1557",0,0,1,0,1,0,1,1,0
"1558",1,1,1,0,1,0,1,0,1
"1559",0,0,1,0,1,0,1,1,0
"1560",0,0,1,0,1,0,1,1,0
"1561",0,0,1,0,1,0,1,1,0
"1562",1,0,1,0,1,0,1,1,0
"1563",0,0,1,0,1,0,1,0,0
"1564",0,0,1,0,1,0,1,0,0
"1565",0,0,1,0,1,0,1,0,1
"1566",0,0,1,1,0,1,0,1,0
"1567",0,0,1,0,1,0,1,1,0
"1568",0,0,1,0,1,0,1,0,1
"1569",1,1,1,0,1,0,1,0,0
"1570",0,0,1,0,1,0,1,1,0
"1571",1,0,1,0,1,0,1,1,0
"1572",0,0,1,0,1,0,1,0,1
"1573",1,0,1,1,0,1,0,1,0
"1574",0,0,1,0,1,0,1,1,0
"1575",0,0,1,0,1,0,1,1,0
"1576",1,0,1,0,1,0,1,1,0
"1577",1,0,1,0,1,0,1,1,0
"1578",0,0,1,0,1,0,1,1,0
"1579",0,0,1,0,1,0,1,1,0
"1580",1,0,1,0,0,0,1,1,0
"1581",0,0,1,0,1,0,1,0,1
"1582",1,0,1,0,1,0,1,1,0
"1583",0,0,1,0,1,0,1,0,1
"1584",1,0,1,0,1,0,1,1,0
"1585",0,0,1,0,1,0,1,1,0
"1586",0,0,1,0,1,0,1,1,0
"1587",0,0,1,0,1,0,1,1,0
"1588",1,0,1,0,1,0,1,1,0
"1589",0,0,1,0,1,0,1,0,0
"1590",0,0,1,0,0,0,0,1,0
"1591",0,0,1,0,1,0,1,1,0
"1592",0,0,1,0,1,0,1,0,1
"1593",1,0,1,0,1,0,1,0,0
"1594",1,0,1,0,1,0,1,1,0
"1595",1,0,1,0,0,0,0,1,0
"1596",1,0,1,0,0,0,0,1,0
"1597",1,0,1,0,1,0,1,1,0
"1598",1,0,1,0,1,0,1,1,0
"1599",1,0,1,0,1,0,1,1,0
"1600",1,0,1,0,1,0,1,1,0
"1601",1,0,1,0,1,0,1,1,0
"1602",1,0,1,0,1,0,1,1,0
"1603",1,0,0,0,1,0,0,0,1
"1604",0,0,1,0,1,0,1,1,0
"1605",0,0,1,0,1,0,1,1,0
"1606",0,0,1,0,1,0,1,1,0
"1607",0,0,1,0,1,0,1,1,0
"1608",0,0,1,0,1,0,1,1,0
"1609",0,0,1,0,1,0,1,1,0
"1610",1,0,1,0,1,0,1,1,0
"1611",1,0,1,0,1,0,1,1,0
"1612",1,0,1,0,1,0,1,1,0
"1613",1,0,1,0,1,0,1,1,0
"1614",1,0,1,0,1,0,1,1,0
"1615",1,0,1,1,0,0,1,1,0
"1616",1,0,1,0,1,0,1,1,0
"1617",1,0,1,0,0,1,0,1,0
"1618",1,0,1,0,1,0,1,1,0
"1619",1,0,1,0,1,0,1,0,0
"1620",1,0,1,0,1,0,1,0,0
"1621",0,0,1,0,1,0,1,0,0
"1622",0,0,1,0,1,0,1,0,0
"1623",0,0,1,0,1,0,1,0,0
"1624",1,0,1,0,1,0,1,0,0
"1625",0,0,1,0,1,0,1,0,0
"1626",0,0,1,0,1,0,1,0,0
"1627",1,0,1,0,1,0,1,0,0
"1628",1,0,1,0,1,0,1,0,0
"1629",1,0,1,0,1,0,1,0,0
"1630",0,0,1,0,1,0,1,0,0
"1631",1,0,1,0,1,0,1,0,0
"1632",0,0,1,0,1,0,1,0,0
"1633",1,0,1,0,1,0,1,0,0
"1634",1,0,1,0,1,0,1,0,0
"1635",0,0,1,0,1,0,1,0,0
"1636",1,0,1,0,1,0,1,0,0
"1637",1,0,1,0,1,0,1,0,0
"1638",0,0,1,0,1,0,1,0,0
"1639",0,0,1,0,1,0,1,0,0
"1640",0,0,1,0,1,0,1,0,0
"1641",0,0,1,0,1,0,1,0,0
"1642",0,0,1,0,1,0,1,0,0
"1643",0,0,1,0,1,0,1,0,0
"1644",1,0,1,0,1,0,1,0,0
"1645",1,0,1,0,1,0,1,0,0
"1646",1,0,1,0,1,0,1,0,0
"1647",1,0,1,0,1,0,1,0,0
"1648",0,0,1,0,1,0,1,1,0
"1649",0,0,1,0,1,0,1,0,1
"1650",1,0,1,0,1,0,1,1,0
"1651",1,0,1,0,1,0,1,1,0
"1652",1,0,1,0,1,0,1,1,0
"1653",0,0,1,0,1,0,1,1,0
"1654",0,0,1,0,1,0,1,1,0
"1655",0,0,1,0,1,0,1,1,0
"1656",0,0,1,0,1,0,1,1,0
"1657",0,0,1,0,1,0,1,1,0
"1658",1,1,1,0,1,0,1,0,1
"1659",0,1,1,0,1,0,1,0,1
"1660",0,0,1,0,1,0,1,0,1
"1661",0,0,1,0,1,0,1,0,1
"1662",0,0,1,0,1,0,1,0,1
"1663",0,0,1,0,1,0,1,1,0
"1664",1,0,1,0,1,0,1,1,0
"1665",1,0,1,0,1,0,1,1,0
"1666",0,0,1,0,1,0,1,1,0
"1667",0,0,1,0,1,0,1,1,0
"1668",0,0,1,0,1,0,1,1,0
"1669",0,0,1,0,1,0,1,1,0
"1670",0,0,1,0,1,0,1,1,0
"1671",0,1,1,0,1,0,1,0,1
"1672",0,1,1,0,1,0,1,0,1
"1673",0,0,1,0,1,0,1,0,0
"1674",0,0,1,0,1,0,1,1,0
"1675",1,0,1,0,1,0,1,0,0
"1676",0,0,1,0,1,0,1,1,0
"1677",0,0,1,0,1,0,1,1,0
"1678",0,0,1,0,1,0,1,1,0
"1679",0,0,1,0,1,0,1,1,0
"1680",1,0,1,0,1,0,1,1,0
"1681",1,1,1,0,1,0,1,1,0
"1682",0,0,1,0,1,0,1,0,1
"1683",0,0,1,0,1,0,1,1,0
"1684",0,0,1,0,1,0,1,0,1
"1685",1,0,1,0,1,0,1,1,0
"1686",0,0,1,0,1,0,1,1,0
"1687",1,1,1,0,1,0,1,0,1
"1688",0,0,1,0,1,0,1,1,0
"1689",0,0,1,0,1,0,1,1,0
"1690",0,0,1,0,1,0,1,1,0
"1691",0,0,1,0,1,0,1,1,0
"1692",0,0,1,0,1,0,1,1,0
"1693",1,0,1,0,1,0,1,0,1
"1694",1,0,1,0,0,0,0,1,0
"1695",0,0,1,0,1,0,1,1,0
"1696",0,1,1,0,1,0,1,1,0
"1697",1,0,1,0,0,0,0,1,0
"1698",0,0,1,0,1,1,0,1,0
"1699",0,0,1,1,0,1,0,1,0
"1700",0,0,1,0,0,1,0,1,0
"1701",1,0,1,0,1,0,1,1,0
"1702",1,0,1,0,1,0,1,1,0
"1703",0,1,1,0,0,0,0,1,0
"1704",0,1,1,0,1,0,1,1,0
"1705",0,0,1,0,1,0,1,1,0
"1706",0,0,1,0,1,0,1,1,0
"1707",0,0,1,0,1,0,1,1,0
"1708",0,0,1,1,0,1,0,0,0
"1709",0,0,1,0,1,0,1,0,0
"1710",1,0,1,0,0,0,0,0,0
"1711",0,0,1,1,0,0,0,0,0
"1712",0,0,1,0,0,0,0,0,0
"1713",1,1,1,0,1,0,1,1,0
"1714",1,0,1,0,1,0,1,1,0
"1715",1,0,1,1,0,1,0,1,0
"1716",0,0,1,0,1,0,1,1,0
"1717",1,0,0,0,1,0,1,0,0
"1718",0,0,1,0,1,0,1,1,0
"1719",0,0,1,0,1,0,1,1,0
"1720",1,0,1,0,1,0,1,0,0
"1721",1,0,1,0,0,0,0,0,0
"1722",0,0,1,1,0,0,1,1,0
"1723",1,0,1,0,1,0,1,0,1
"1724",0,0,1,0,1,0,1,1,0
"1725",1,0,1,0,1,0,1,0,1
"1726",0,0,1,0,0,0,0,1,0
"1727",0,0,1,0,0,1,0,1,0
"1728",0,0,1,0,0,0,0,1,0
"1729",0,0,1,1,0,0,1,1,0
"1730",0,0,1,1,0,1,0,1,0
"1731",1,0,1,0,0,0,0,1,0
"1732",0,0,1,0,0,0,0,1,0
"1733",0,0,1,0,0,0,0,1,0
"1734",0,0,1,1,0,1,0,1,0
"1735",0,0,1,0,1,1,0,1,0
"1736",0,0,1,0,0,1,0,1,0
"1737",0,0,1,0,0,0,0,0,0
"1738",0,0,1,0,0,0,0,0,0
"1739",0,0,1,0,1,0,0,1,0
"1740",1,0,1,0,0,0,0,0,0
"1741",0,1,1,0,1,0,1,0,0
"1742",0,0,1,0,1,0,1,0,1
"1743",0,0,1,0,1,1,0,0,1
"1744",0,0,1,0,1,0,1,1,0
"1745",0,0,1,0,1,0,1,1,0
"1746",0,0,1,0,1,0,0,0,0
"1747",1,0,1,1,0,0,1,0,0
"1748",0,0,1,0,1,0,1,0,0
"1749",0,0,1,0,1,0,1,0,0
"1750",0,0,1,0,1,0,0,0,0
"1751",0,0,1,0,1,0,1,0,0
"1752",1,0,1,0,1,0,0,1,0
"1753",1,0,1,1,0,0,0,0,0
"1754",1,0,1,0,1,0,1,0,0
"1755",1,0,1,0,1,0,1,0,0
"1756",0,0,1,0,1,0,1,0,0
"1757",1,0,1,0,1,0,1,0,0
"1758",1,0,1,1,0,1,0,0,0
"1759",1,0,1,1,0,1,0,0,0
"1760",1,0,1,0,1,0,1,0,1
"1761",1,0,1,0,0,1,0,1,0
"1762",1,0,1,1,0,0,0,1,0
"1763",1,0,1,0,1,0,1,0,0
"1764",1,0,1,1,0,0,0,1,0
"1765",1,0,1,1,0,1,0,1,0
"1766",1,0,1,0,1,0,1,1,0
"1767",NA,0,1,0,1,0,1,0,0
"1768",1,0,1,0,1,0,1,0,0
"1769",1,0,1,0,1,0,1,0,0
"1770",0,0,1,0,1,0,1,0,0
"1771",1,0,1,0,1,0,1,0,0
"1772",0,0,1,0,1,0,1,0,0
"1773",0,0,1,0,1,0,1,0,0
"1774",0,0,1,0,1,0,1,0,0
"1775",1,0,1,0,1,0,1,0,0
"1776",0,0,1,0,1,0,1,0,0
"1777",1,0,1,0,1,0,1,0,0
"1778",1,0,1,0,1,0,1,0,0
"1779",0,1,1,0,1,0,1,0,1
"1780",1,0,1,0,1,0,1,0,0
"1781",1,0,1,0,1,0,1,0,0
"1782",0,0,1,0,1,0,1,0,0
"1783",1,0,1,1,0,1,0,1,0
"1784",1,0,1,0,1,0,1,0,0
"1785",0,0,1,0,1,0,1,0,0
"1786",1,0,1,0,1,0,1,1,0
"1787",0,0,1,0,0,1,0,1,0
"1788",0,0,1,0,0,0,0,0,0
"1789",0,NA,1,1,0,1,0,1,0
"1790",1,0,1,0,1,0,1,0,0
"1791",1,0,1,0,1,0,1,0,0
"1792",1,0,1,1,0,0,1,1,0
"1793",0,0,1,1,0,1,0,0,0
"1794",0,0,1,1,0,1,0,0,0
"1795",0,0,1,1,0,1,0,1,0
"1796",0,0,1,0,0,0,1,1,0
"1797",0,0,1,1,0,1,0,1,0
"1798",1,0,1,0,0,0,1,0,0
"1799",1,1,1,1,0,0,0,0,1
"1800",0,0,1,1,0,1,0,1,0
"1801",0,0,1,0,1,0,1,1,0
"1802",1,1,1,1,0,0,0,0,1
"1803",0,0,1,0,1,0,1,1,0
"1804",1,0,1,1,0,1,0,1,0
"1805",1,0,1,0,1,0,1,0,0
"1806",0,0,1,0,1,0,1,0,0
"1807",1,0,1,0,1,0,1,0,1
"1808",1,0,1,0,0,0,0,1,0
"1809",1,1,1,0,1,1,0,0,1
"1810",1,0,1,0,1,0,1,1,0
"1811",0,0,1,0,1,0,1,1,0
"1812",0,0,1,0,1,0,1,1,0
"1813",1,0,1,0,0,1,0,0,0
"1814",0,0,1,0,1,0,1,0,0
"1815",0,0,1,1,0,1,0,1,0
"1816",1,0,1,0,0,1,0,1,0
"1817",1,0,1,0,1,1,0,1,0
"1818",1,0,1,1,0,1,0,1,0
"1819",0,0,1,1,0,0,0,1,0
"1820",0,0,1,1,0,1,0,1,0
"1821",0,0,1,1,0,1,0,1,0
"1822",1,0,1,1,0,1,0,0,1
"1823",1,0,1,0,1,0,1,1,0
"1824",0,0,1,0,1,0,1,1,0
"1825",1,0,1,0,1,0,1,1,0
"1826",0,0,0,0,1,0,1,1,0
"1827",0,0,1,0,0,0,0,1,0
"1828",1,0,1,0,1,0,1,1,0
"1829",1,0,1,0,1,0,1,1,0
"1830",0,0,1,1,0,1,0,1,0
"1831",1,0,1,0,1,0,1,1,0
"1832",0,0,1,0,0,0,0,1,0
"1833",0,0,1,0,0,1,0,1,0
"1834",1,0,1,0,1,0,1,1,0
"1835",1,0,1,1,0,1,0,1,0
"1836",1,0,1,0,1,0,1,1,0
"1837",1,0,1,0,1,1,0,0,0
"1838",0,0,1,0,0,0,0,0,0
"1839",1,0,1,0,0,0,0,1,0
"1840",1,0,1,0,1,0,1,0,0
"1841",1,0,1,1,0,1,0,1,0
"1842",1,0,1,0,1,0,1,1,0
"1843",1,0,1,1,0,1,0,1,0
"1844",0,0,1,0,0,0,0,1,0
"1845",1,0,1,0,1,0,1,1,0
"1846",0,0,1,0,1,0,1,1,0
"1847",1,0,1,0,1,0,1,1,0
"1848",1,0,1,0,1,0,1,1,0
"1849",0,0,1,0,1,0,1,1,0
"1850",0,0,1,0,1,0,1,1,0
"1851",0,0,1,0,1,0,1,1,0
"1852",0,0,1,0,1,0,1,1,0
"1853",0,0,1,0,1,0,1,1,0
"1854",1,0,1,0,1,0,1,1,0
"1855",0,0,1,0,1,0,1,1,0
"1856",1,0,1,0,1,0,1,1,0
"1857",0,0,1,0,1,0,1,0,1
"1858",1,0,1,0,1,0,1,0,1
"1859",0,0,1,0,1,0,1,0,1
"1860",0,0,0,0,1,0,1,0,1
"1861",0,0,1,0,1,0,1,0,1
"1862",1,0,0,0,1,0,1,0,1
"1863",0,0,1,0,1,0,1,0,1
"1864",1,0,1,0,1,0,1,0,1
"1865",1,0,0,0,1,0,1,0,1
"1866",1,0,1,0,1,0,1,0,1
"1867",1,0,1,0,1,0,1,0,1
"1868",1,0,1,0,1,0,1,0,1
"1869",0,0,1,0,1,0,1,0,1
"1870",0,1,1,0,1,0,1,NA,NA
"1871",0,0,0,0,1,0,1,0,1
"1872",1,0,0,0,1,0,1,0,1
"1873",1,0,1,0,1,0,1,0,1
"1874",1,0,1,0,1,0,1,0,1
"1875",0,0,1,0,1,0,1,0,1
"1876",1,0,1,0,1,0,1,0,1
"1877",0,1,1,0,1,0,1,0,1
"1878",0,1,1,0,1,0,1,0,1
"1879",1,1,1,0,1,0,1,0,1
"1880",0,0,1,0,1,0,1,NA,NA
"1881",0,1,1,0,1,0,1,0,1
"1882",0,1,1,0,1,0,1,0,1
"1883",1,1,1,0,1,0,1,0,1
"1884",0,0,1,0,1,0,1,0,1
"1885",1,1,1,0,1,0,1,0,1
"1886",0,1,1,0,1,0,1,0,1
"1887",0,1,1,0,1,0,1,0,1
"1888",1,1,1,0,1,0,1,0,1
"1889",1,1,1,0,1,0,1,0,1
"1890",0,1,1,0,1,0,1,NA,NA
"1891",0,1,1,0,1,0,1,0,1
"1892",0,0,1,0,1,0,1,0,1
"1893",0,0,1,0,1,0,1,0,1
"1894",1,1,1,0,1,0,1,0,1
"1895",0,0,0,0,1,0,1,0,0
"1896",1,0,1,0,1,0,1,0,0
"1897",0,0,1,0,1,0,1,0,0
"1898",0,0,0,0,1,0,1,0,0
"1899",1,0,1,0,1,0,1,0,0
"1900",1,0,1,0,1,0,1,0,0
"1901",1,0,1,0,1,0,1,0,0
"1902",0,0,0,0,1,0,1,0,0
"1903",0,0,1,0,1,0,1,0,0
"1904",0,0,0,0,1,0,1,0,0
"1905",1,0,1,0,1,0,1,0,0
"1906",1,0,1,0,1,0,1,0,0
"1907",1,0,1,0,1,0,1,0,0
"1908",1,0,1,0,1,0,1,0,0
"1909",1,0,1,0,1,0,1,NA,NA
"1910",1,0,1,1,0,0,1,1,0
"1911",0,0,1,1,0,0,0,1,0
"1912",0,0,1,0,1,0,1,1,0
"1913",0,0,1,0,1,0,1,1,0
"1914",0,0,1,0,1,0,1,1,0
"1915",1,0,1,0,1,0,1,1,0
"1916",1,0,1,0,1,0,1,1,0
"1917",1,0,1,0,1,0,1,0,0
"1918",1,0,1,0,1,1,0,0,1
"1919",1,0,1,1,0,0,0,0,0
"1920",1,0,0,0,1,0,1,0,0
"1921",1,0,1,1,0,0,0,0,1
"1922",1,0,1,0,0,0,0,0,0
"1923",1,0,1,1,0,1,0,0,0
"1924",1,0,1,1,0,0,1,0,0
"1925",0,0,1,0,0,0,0,0,0
"1926",1,0,1,0,1,0,1,0,0
"1927",0,0,1,0,0,0,1,1,0
"1928",0,0,1,0,1,0,1,1,0
"1929",0,0,1,0,1,0,1,1,0
"1930",0,0,1,0,1,0,1,0,0
"1931",0,0,1,0,1,0,1,0,1
"1932",0,0,1,0,1,0,1,1,0
"1933",0,0,0,0,0,0,0,1,0
"1934",0,0,0,0,0,0,0,1,0
"1935",0,0,0,0,0,0,0,1,0
"1936",0,1,1,0,0,0,0,0,0
"1937",1,0,1,0,1,0,1,1,0
"1938",1,0,1,0,1,0,1,0,0
"1939",0,0,1,0,1,0,1,1,0
"1940",1,0,1,0,1,0,1,1,0
"1941",1,0,1,0,1,0,1,0,0
"1942",0,0,1,0,1,0,1,1,0
"1943",0,0,1,0,1,0,1,0,0
"1944",1,0,1,0,1,0,1,1,0
"1945",0,0,1,0,1,0,1,0,0
"1946",1,0,1,0,1,0,1,0,0
"1947",1,0,1,0,1,0,1,0,0
"1948",1,0,1,0,1,0,1,1,0
"1949",0,0,1,0,1,0,1,1,0
"1950",0,0,1,0,1,0,1,1,0
"1951",0,0,1,0,1,0,1,1,0
"1952",0,0,1,0,1,0,1,1,0
"1953",1,0,1,0,1,0,1,1,0
"1954",1,0,1,0,1,0,1,1,0
"1955",1,0,1,0,1,0,1,1,0
"1956",1,0,1,0,0,1,0,0,0
"1957",0,0,1,0,1,0,1,0,0
"1958",1,0,1,0,0,0,0,0,0
"1959",1,0,1,0,1,0,1,1,0
"1960",1,0,1,0,1,0,1,1,0
"1961",1,0,1,0,1,0,1,1,0
"1962",0,0,1,0,1,0,1,0,1
"1963",0,0,1,0,1,0,1,0,1
"1964",0,0,1,0,1,0,1,0,1
"1965",1,0,1,0,1,0,1,0,0
"1966",0,0,1,0,1,0,1,1,0
"1967",1,0,1,0,1,0,1,0,0
"1968",0,0,1,0,1,1,0,1,0
"1969",0,0,1,1,0,1,0,1,0
"1970",1,0,1,0,1,0,1,1,0
"1971",0,0,1,0,0,1,0,0,0
"1972",0,0,1,0,0,0,0,0,0
"1973",0,0,1,0,1,0,1,0,0
"1974",0,0,1,0,0,1,0,1,0
"1975",0,0,1,0,1,0,1,1,0
"1976",0,0,1,0,1,0,1,1,0
"1977",0,0,1,0,1,0,1,1,0
"1978",0,0,1,0,1,0,1,1,0
"1979",0,0,1,0,1,0,1,1,0
"1980",0,0,1,0,1,0,1,1,0
"1981",0,0,1,0,1,0,1,1,0
"1982",0,0,1,0,1,0,1,1,0
"1983",0,0,1,0,1,0,1,1,0
"1984",0,0,1,0,1,0,1,1,0
"1985",0,0,1,0,1,0,1,1,0
"1986",1,1,1,0,1,0,1,0,1
"1987",1,0,1,0,0,0,0,0,1
"1988",1,0,1,0,1,0,0,0,1
"1989",1,0,1,0,1,0,1,0,1
"1990",1,0,1,0,1,0,1,0,1
"1991",1,0,1,0,1,0,1,0,1
"1992",1,0,1,0,1,0,0,1,0
"1993",0,0,1,0,0,1,0,1,0
"1994",0,0,1,0,1,0,1,1,0
"1995",0,0,1,1,0,1,0,1,0
"1996",1,0,1,0,1,0,1,1,0
"1997",0,0,1,0,1,0,1,1,0
"1998",1,0,1,1,0,1,0,1,0
"1999",0,0,1,0,1,0,1,1,0
"2000",0,0,1,0,0,0,0,1,0
"2001",0,0,1,0,1,0,1,1,0
"2002",1,0,0,0,1,0,1,1,0
"2003",1,0,1,0,1,0,1,1,0
"2004",0,0,1,0,1,0,1,1,0
"2005",1,0,1,0,1,0,1,1,0
"2006",0,0,1,0,1,0,1,0,0
"2007",0,0,1,1,0,1,0,0,0
"2008",1,0,1,1,0,0,0,0,0
"2009",1,0,1,0,1,0,0,0,0
"2010",0,0,1,0,1,0,1,0,0
"2011",0,0,1,0,1,0,1,0,0
"2012",0,0,1,0,0,0,0,0,0
"2013",1,0,1,1,0,0,0,0,0
"2014",0,0,1,0,1,0,1,0,0
"2015",1,0,1,1,0,1,0,0,0
"2016",1,0,1,0,1,0,1,0,0
"2017",1,0,1,0,1,0,0,0,0
"2018",1,0,1,0,1,0,0,0,0
"2019",0,0,1,1,0,1,0,0,0
"2020",0,0,1,1,0,0,0,0,0
"2021",0,0,1,0,1,0,1,0,0
"2022",0,0,1,1,0,1,0,0,0
"2023",0,0,1,0,1,0,1,0,0
"2024",1,0,1,0,1,0,1,0,0
"2025",1,0,1,0,1,0,1,0,0
"2026",1,0,1,0,1,0,1,0,0
"2027",0,0,1,1,0,0,0,0,0
"2028",1,0,1,0,1,0,1,0,0
"2029",1,0,1,0,1,0,1,0,0
"2030",1,0,1,0,1,0,1,0,0
"2031",1,0,1,0,1,0,1,0,0
"2032",0,0,1,0,1,0,0,1,0
"2033",0,0,1,0,1,0,1,1,0
"2034",1,0,1,0,1,0,0,1,0
"2035",0,1,1,1,0,0,0,0,1
"2036",0,1,1,0,0,0,0,0,1
"2037",0,0,1,1,0,0,1,1,0
"2038",0,0,1,0,0,1,0,1,0
"2039",1,0,1,0,0,1,0,1,0
"2040",1,0,1,1,0,1,0,1,0
"2041",0,0,1,0,0,1,0,0,1
"2042",0,1,1,0,0,0,0,0,1
"2043",0,0,1,0,1,0,1,0,1
"2044",1,0,1,0,1,0,1,0,1
"2045",1,1,1,0,0,0,0,0,1
"2046",0,0,1,0,1,0,1,0,1
"2047",0,0,1,0,1,0,1,0,1
"2048",1,0,1,0,1,0,1,0,1
"2049",0,0,1,0,1,0,1,NA,NA
"2050",0,0,1,0,1,0,1,0,1
"2051",0,0,1,0,1,0,1,0,1
"2052",0,0,1,0,1,0,1,NA,NA
"2053",0,0,1,0,1,0,1,0,1
"2054",0,0,1,0,1,0,1,0,1
"2055",1,0,1,0,1,0,1,NA,NA
"2056",1,0,1,0,1,0,1,NA,NA
"2057",1,0,1,0,1,0,1,0,1
"2058",0,0,1,0,1,0,1,0,1
"2059",0,0,1,0,1,0,1,0,1
"2060",0,0,1,0,1,0,1,0,1
"2061",1,0,1,0,1,0,1,0,1
"2062",0,1,1,0,1,0,1,0,1
"2063",1,1,1,0,1,0,1,0,1
"2064",0,0,1,0,1,0,1,0,1
"2065",0,1,1,0,1,0,1,0,1
"2066",1,1,1,0,1,0,1,0,1
"2067",0,0,1,0,1,0,1,0,1
"2068",1,0,1,0,1,0,1,0,1
"2069",0,0,1,0,1,0,1,0,1
"2070",1,0,1,0,1,0,1,0,1
"2071",0,0,1,0,1,0,1,0,1
"2072",1,0,1,0,1,0,1,0,1
"2073",1,0,1,0,1,0,1,0,1
"2074",0,1,1,0,1,0,1,0,1
"2075",0,0,1,0,1,0,1,0,1
"2076",1,0,1,0,1,0,1,0,1
"2077",1,0,1,0,1,0,1,0,1
"2078",0,0,1,0,1,0,1,0,1
"2079",0,0,1,0,1,0,1,0,1
"2080",1,0,1,0,1,0,1,0,1
"2081",1,0,1,0,1,0,1,0,1
"2082",0,0,1,0,1,0,1,0,1
"2083",1,0,1,0,1,0,1,0,1
"2084",0,0,1,0,1,0,1,0,1
"2085",1,0,1,0,1,0,1,0,1
"2086",0,0,1,0,1,0,1,0,1
"2087",0,0,1,0,1,0,1,0,1
"2088",0,0,1,0,1,0,1,0,1
"2089",1,1,1,0,1,0,1,0,1
"2090",0,0,1,0,1,0,1,0,1
"2091",0,0,1,0,1,0,1,0,1
"2092",0,0,1,0,1,0,1,0,1
"2093",1,0,1,0,1,0,1,1,0
"2094",0,0,1,1,0,1,0,1,0
"2095",0,0,1,0,0,1,0,1,0
"2096",0,0,1,0,0,0,1,1,0
"2097",1,0,1,1,0,1,0,1,0
"2098",1,0,1,1,0,1,0,1,0
"2099",1,0,1,1,0,1,0,1,0
"2100",1,0,1,0,0,1,0,1,0
"2101",1,0,1,1,0,0,1,1,0
"2102",1,0,1,0,1,0,1,1,0
"2103",0,0,1,1,0,1,0,1,0
"2104",1,0,1,0,1,0,1,1,0
"2105",0,0,1,0,1,0,1,1,0
"2106",0,0,1,0,1,0,1,1,0
"2107",1,0,1,0,1,0,1,1,0
"2108",1,0,1,1,0,1,0,1,0
"2109",0,0,1,0,1,0,1,1,0
"2110",1,0,1,1,0,1,0,1,0
"2111",0,0,1,0,1,0,1,1,0
"2112",1,0,1,0,1,0,1,1,0
"2113",0,0,1,1,0,0,0,1,0
"2114",1,0,1,1,0,1,0,1,0
"2115",1,0,1,1,0,1,0,1,0
"2116",0,0,1,0,1,1,0,1,0
"2117",0,0,1,0,1,1,0,1,0
"2118",0,0,1,1,0,1,0,1,0
"2119",0,0,1,0,1,0,1,1,0
"2120",1,0,1,0,1,0,1,1,0
"2121",1,0,1,0,0,0,0,1,0
"2122",0,0,1,0,1,0,1,1,0
"2123",0,0,1,1,0,0,0,1,0
"2124",1,0,1,0,1,0,1,1,0
"2125",0,0,1,1,0,0,0,1,0
"2126",1,0,1,0,0,0,0,1,0
"2127",0,0,1,1,0,0,1,1,0
"2128",1,0,1,0,0,0,0,1,0
"2129",0,0,1,1,0,0,1,1,0
"2130",0,0,1,0,1,0,1,1,0
"2131",0,0,1,1,0,1,0,1,0
"2132",0,0,1,1,0,1,0,1,0
"2133",0,0,1,0,1,1,0,1,0
"2134",0,0,1,1,0,1,0,1,0
"2135",0,0,1,0,0,0,0,1,0
"2136",1,0,1,1,0,1,0,1,0
"2137",1,0,1,0,1,0,1,1,0
"2138",0,0,1,1,0,0,0,1,0
"2139",1,0,1,0,1,0,1,1,0
"2140",0,0,1,0,0,0,0,1,0
"2141",1,0,1,0,1,0,1,1,0
"2142",0,0,1,0,0,0,0,1,0
"2143",0,0,1,0,1,1,0,1,0
"2144",0,0,1,1,0,0,0,1,0
"2145",0,0,1,1,0,1,0,1,0
"2146",0,0,1,0,1,1,0,1,0
"2147",0,0,1,1,0,1,0,1,0
"2148",1,0,1,1,0,1,0,1,0
"2149",1,0,1,0,1,0,1,0,0
"2150",0,0,1,0,0,0,0,0,0
"2151",0,0,1,0,1,0,1,0,1
"2152",0,0,1,0,1,0,1,0,0
"2153",0,0,1,0,0,1,0,1,0
"2154",0,0,1,0,1,0,1,1,0
"2155",0,0,1,0,0,1,0,1,0
"2156",0,0,1,0,0,1,0,0,0
"2157",0,0,1,0,1,1,0,0,0
"2158",0,0,1,0,0,0,0,1,0
"2159",0,0,1,0,0,0,0,1,0
"2160",1,0,1,0,0,0,1,0,0
"2161",0,0,1,0,0,0,0,1,0
"2162",0,0,1,0,0,0,0,1,0
"2163",0,0,1,1,0,1,0,1,0
"2164",1,1,1,0,1,0,1,0,1
"2165",0,0,1,0,1,0,1,0,1
"2166",0,0,1,0,1,0,1,1,0
"2167",0,0,1,0,0,0,1,1,0
"2168",0,0,1,0,0,0,0,1,0
"2169",0,1,1,1,0,1,0,0,1
"2170",1,0,1,1,0,0,1,1,0
"2171",1,0,1,0,0,0,0,1,0
"2172",1,0,1,0,1,0,1,1,0
"2173",1,0,1,0,1,0,1,0,1
"2174",0,0,1,0,1,0,1,0,1
"2175",1,0,1,0,0,0,0,1,0
