"","Cog.1","Cog.2","Cog.3","Cog.4","Cog.5","Cog.6","Aff.1","Aff.2","Aff.3","Aff.4","Aff.5","Aff.6","Beh.1","Beh.2","Beh.3","Beh.4","Beh.5","Beh.6"
"1",6,5,5,4,5,4,3,4,3,6,4,4,4,6,4,5,6,6
"2",6,2,5,3,4,4,3,2,2,4,2,2,5,5,5,5,5,5
"3",6,2,4,5,3,4,3,3,3,3,4,3,5,5,4,4,5,5
"4",5,3,5,4,3,3,3,2,3,3,3,3,4,4,4,4,4,4
"5",6,1,2,1,1,1,2,2,3,4,3,4,6,5,4,5,5,4
"6",4,3,4,6,5,6,5,4,4,4,4,4,4,3,4,3,4,4
"7",4,4,4,4,3,3,5,5,5,5,5,5,5,5,5,5,5,5
"8",6,2,5,5,3,2,5,5,3,4,3,4,5,5,5,5,5,5
"9",3,4,5,5,4,3,4,5,5,4,4,5,3,5,4,4,5,5
"10",5,2,5,5,3,2,5,5,4,5,5,5,5,5,5,5,5,5
"11",5,1,4,3,5,1,1,1,1,3,3,3,6,6,6,6,6,6
"12",5,2,5,2,5,2,2,2,2,2,2,2,4,4,4,4,4,5
"13",6,4,6,6,5,5,5,5,3,4,6,6,6,6,6,6,6,6
"14",6,2,5,5,2,2,2,2,2,2,2,2,5,5,5,5,5,5
"15",1,3,3,3,4,4,1,1,1,1,1,1,1,1,1,3,3,3
"16",5,3,5,5,4,3,3,4,3,5,5,5,5,5,5,5,5,5
"17",6,3,5,5,5,3,3,3,3,4,4,5,6,5,4,4,5,6
"18",5,1,5,5,5,1,2,2,1,1,1,2,6,6,4,2,5,5
"19",5,2,5,5,3,3,5,5,5,5,5,5,5,5,5,5,5,5
"20",2,2,4,3,4,4,4,5,4,4,3,5,4,2,3,3,4,3
"21",4,1,4,2,4,2,2,1,2,4,3,2,5,3,2,2,4,4
"22",5,3,4,4,4,4,5,5,5,4,4,5,4,4,4,4,5,5
"23",6,1,6,6,1,1,5,5,6,6,6,6,5,5,5,5,5,5
"24",5,1,6,4,3,1,2,1,1,1,2,2,5,5,5,5,5,5
"25",5,2,3,3,4,3,2,2,2,3,2,2,5,5,4,4,5,4
"26",5,2,5,5,2,2,2,2,4,2,3,3,4,4,4,4,4,5
"27",5,2,5,5,2,2,2,2,2,2,2,2,5,5,5,5,5,5
"28",6,3,6,6,3,3,4,2,2,3,1,2,4,3,2,2,4,6
"29",6,2,6,6,6,6,5,5,5,2,5,5,5,5,5,5,5,5
"30",5,3,5,3,4,4,5,4,2,5,5,5,3,2,3,5,5,5
"31",2,3,1,3,1,1,1,1,5,2,1,1,2,2,4,4,3,3
"32",6,1,6,6,5,5,5,4,4,5,4,5,4,4,3,4,5,5
"33",4,1,4,5,5,2,6,6,6,4,3,3,3,2,2,2,2,3
"34",6,4,6,5,6,6,3,3,5,5,3,5,6,5,4,6,6,6
"35",3,2,4,3,3,3,4,4,3,3,4,3,4,3,4,3,3,4
"36",6,3,4,4,4,3,3,5,5,4,4,3,4,4,4,4,4,4
"37",5,3,6,4,5,3,5,1,2,4,1,3,4,4,4,2,4,4
"38",6,2,6,5,3,3,5,4,3,3,3,5,5,5,3,4,4,5
"39",6,1,6,1,3,3,1,1,1,3,1,3,6,5,1,3,3,3
"40",6,1,6,6,1,1,2,2,1,4,4,5,5,5,5,5,6,6
"41",5,2,5,5,2,2,5,5,2,2,2,2,5,5,5,5,5,5
"42",3,4,4,4,4,4,6,6,6,6,6,6,6,6,6,6,6,6
"43",5,3,4,4,3,3,3,3,4,1,4,4,4,3,3,3,3,4
"44",5,2,5,5,2,2,3,5,5,5,4,4,5,5,4,4,4,5
"45",4,3,4,4,3,3,3,3,3,3,3,4,4,4,4,4,4,4
"46",6,3,6,6,4,4,3,3,3,6,3,5,6,6,6,6,6,6
"47",6,1,6,6,5,5,5,3,3,5,3,3,5,5,5,5,5,5
"48",4,1,2,2,1,1,3,3,2,1,1,3,4,4,1,1,4,4
"49",4,3,4,4,4,4,3,4,4,4,4,4,5,5,4,4,4,4
"50",5,3,4,5,3,3,4,5,5,5,5,5,4,4,3,4,4,4
"51",6,2,6,6,6,6,6,6,6,1,6,6,6,6,6,6,6,6
"52",6,3,6,4,6,5,6,6,6,6,6,6,6,6,6,6,6,6
"53",1,4,5,4,6,6,3,4,4,6,4,4,5,5,4,5,5,5
"54",5,2,4,5,5,3,4,4,3,2,2,4,5,4,4,4,4,5
"55",6,1,6,6,1,1,4,4,6,6,6,6,6,6,6,6,6,6
"56",6,2,6,6,6,2,3,4,4,5,5,5,6,6,6,6,6,6
"57",4,2,5,2,5,3,5,4,3,3,3,3,5,2,4,2,2,4
"58",6,1,6,6,1,1,4,6,6,6,6,4,6,6,6,6,6,6
"59",4,2,5,6,6,3,4,2,2,3,3,5,4,5,2,5,4,5
"60",4,3,4,4,3,3,3,3,3,3,3,3,4,4,4,4,4,4
"61",5,4,5,4,4,4,5,2,3,3,4,5,6,5,5,5,5,5
"62",5,5,5,5,2,2,5,2,3,3,2,4,4,4,4,4,4,4
"63",5,3,4,4,4,3,4,4,3,3,4,4,6,6,3,6,6,6
"64",2,2,5,2,5,3,5,5,5,5,5,5,5,5,5,5,5,5
"65",5,2,5,4,2,3,2,2,3,3,3,3,5,5,5,5,5,5
"66",6,3,4,4,4,4,5,5,5,5,5,3,4,4,4,5,4,4
"67",6,1,6,6,6,4,4,4,4,4,4,4,4,4,4,4,4,4
"68",5,2,5,5,2,2,2,2,2,2,2,2,5,5,5,5,5,5
"69",4,3,4,4,3,3,3,3,5,5,4,4,4,3,4,3,4,3
"70",5,1,6,6,1,1,5,2,2,5,3,3,4,3,4,4,3,4
"71",6,3,6,3,6,6,6,6,6,6,6,6,6,6,6,6,6,6
"72",6,1,6,6,6,1,3,3,3,3,3,6,6,6,6,6,6,6
"73",1,4,5,4,6,4,6,5,5,6,3,6,5,4,3,5,5,6
"74",5,3,5,5,3,2,3,3,3,4,4,3,5,5,5,5,5,5
"75",5,3,5,4,4,4,3,3,3,4,3,4,5,4,4,4,5,5
"76",5,3,5,5,3,3,3,3,3,3,3,3,5,5,5,5,5,5
"77",5,2,5,6,2,3,2,3,2,3,3,2,5,5,5,5,4,5
"78",5,5,5,5,5,6,2,2,2,5,4,3,5,5,5,5,5,5
"79",6,5,6,5,6,6,3,3,3,5,5,5,5,5,5,5,5,5
"80",5,2,4,5,4,2,5,4,5,5,4,3,4,4,3,4,5,4
"81",5,2,4,5,5,3,5,5,6,5,5,5,5,5,3,4,4,4
"82",5,3,5,6,5,4,5,5,3,5,5,5,5,5,4,5,5,5
"83",5,3,4,4,3,3,4,4,4,4,4,4,5,5,4,3,4,4
"84",6,3,4,4,3,2,2,2,2,4,3,4,4,4,4,4,4,4
"85",6,4,5,6,6,3,5,5,5,6,6,6,6,5,4,5,6,6
"86",5,4,5,5,4,3,5,4,3,3,2,5,4,6,4,5,5,5
"87",6,3,6,6,5,5,5,5,6,5,6,6,5,5,5,5,5,5
"88",5,3,5,4,6,4,6,5,5,5,4,5,6,6,6,6,6,6
"89",4,2,4,4,2,5,2,3,5,4,3,4,5,5,2,3,3,3
"90",6,1,6,6,3,3,3,6,4,6,6,6,6,6,6,6,6,6
"91",4,4,4,3,3,3,3,4,3,5,3,5,4,3,4,2,4,2
"92",6,4,6,3,6,4,1,1,1,5,2,5,6,6,2,6,6,6
"93",2,5,5,5,5,5,5,5,5,5,5,5,5,5,5,5,5,5
"94",5,2,6,4,2,1,4,3,3,3,3,4,5,5,5,4,5,5
"95",5,1,3,4,2,1,2,2,1,1,1,2,4,6,3,3,3,5
"96",5,2,4,5,4,4,4,4,4,4,4,4,4,4,4,4,4,4
"97",4,3,4,4,3,3,3,3,3,3,3,3,4,4,4,4,4,4
"98",5,4,5,5,4,5,5,5,5,5,5,5,5,5,5,5,5,5
"99",6,4,6,4,4,3,3,3,3,4,3,4,6,5,3,5,5,5
"100",6,3,6,5,5,3,5,6,5,6,5,5,6,6,6,6,6,6
"101",4,1,3,3,1,1,2,2,2,2,2,2,5,3,3,3,3,4
"102",3,3,4,4,3,3,3,3,3,3,3,3,4,4,4,3,4,4
"103",5,3,4,2,4,4,6,4,4,4,2,5,4,3,5,4,3,3
"104",5,4,6,6,6,5,5,3,3,6,6,4,6,6,6,6,6,6
"105",6,1,6,1,2,1,2,2,2,2,2,2,6,6,1,1,1,1
"106",5,4,5,5,6,4,5,5,3,5,5,5,5,5,5,5,5,5
"107",5,2,5,4,4,3,4,3,4,4,3,3,5,4,3,4,4,5
"108",6,3,6,6,5,5,5,5,5,5,5,5,6,6,6,6,6,6
"109",5,2,5,4,3,2,3,3,2,2,4,4,5,5,4,4,5,5
"110",5,5,5,5,5,5,5,5,5,5,5,5,5,5,4,5,5,5
"111",5,3,6,4,4,4,3,4,4,4,2,4,5,5,3,5,5,5
"112",2,2,4,2,4,3,5,5,5,4,3,5,4,3,2,2,3,4
"113",6,4,6,6,6,4,3,5,2,5,2,4,6,3,6,6,6,6
"114",1,6,3,2,4,2,2,2,2,6,2,4,5,3,5,5,5,5
"115",6,2,6,5,5,5,5,5,5,5,1,5,5,5,2,5,4,6
"116",5,4,6,4,6,5,3,3,3,3,3,3,5,4,4,4,4,4
"117",5,2,5,5,2,2,2,2,2,2,2,2,4,3,3,3,3,4
"118",6,1,6,6,6,1,5,4,2,2,3,3,6,5,5,5,5,5
"119",5,3,4,4,3,3,3,3,2,5,4,3,6,3,6,5,5,6
"120",5,2,4,5,3,3,4,3,3,3,3,3,4,3,3,4,4,4
"121",5,2,5,5,2,2,3,3,3,3,3,3,5,5,5,5,5,5
"122",3,2,3,2,3,4,5,5,2,3,2,5,3,3,3,3,3,3
"123",3,3,3,4,4,4,3,4,5,4,4,5,2,2,2,2,2,2
"124",4,2,5,5,2,2,3,3,3,3,3,3,4,4,4,4,4,4
"125",5,2,5,5,6,3,5,5,2,5,3,5,4,4,4,3,4,4
"126",5,2,5,5,5,2,3,2,1,2,2,2,5,5,5,5,5,5
"127",2,1,3,2,3,4,5,4,4,5,5,5,6,5,3,4,3,3
"128",6,3,4,4,5,3,5,3,3,5,3,3,5,4,4,4,5,5
"129",6,1,4,4,2,2,3,3,3,3,3,3,4,4,4,4,4,4
"130",5,2,5,5,3,2,2,2,2,3,2,2,5,5,5,4,4,4
"131",5,2,5,5,2,2,5,5,5,5,5,5,5,5,5,5,5,5
"132",6,1,6,6,3,3,1,1,1,5,3,3,4,4,4,4,4,4
"133",6,2,6,6,3,2,2,3,3,3,3,3,5,5,5,5,5,5
"134",5,2,4,4,3,3,2,2,2,3,3,3,5,4,4,5,4,4
"135",4,2,5,5,2,2,2,2,1,2,1,1,2,2,2,2,4,4
"136",6,3,6,6,5,3,3,2,2,4,4,3,5,5,5,5,5,5
"137",5,3,5,4,5,3,2,3,2,5,3,4,5,5,5,5,5,5
"138",3,2,6,6,3,2,6,5,6,5,4,5,6,6,5,5,6,6
"139",6,2,5,6,4,2,5,4,5,5,5,5,5,6,6,5,6,6
"140",6,4,6,6,4,4,5,2,5,3,2,5,6,6,6,6,6,6
"141",5,2,5,5,2,2,2,2,2,2,2,2,5,5,5,5,5,5
"142",6,3,4,4,3,3,3,3,3,4,3,3,4,4,4,4,4,4
"143",6,6,6,2,6,3,1,1,1,1,1,1,6,4,4,4,4,4
"144",5,3,3,4,3,3,3,5,3,3,3,3,4,5,5,4,4,4
"145",4,2,2,2,3,1,2,2,2,3,3,2,5,5,4,5,5,5
"146",5,2,6,5,5,2,2,5,5,2,2,2,5,5,2,2,2,5
"147",6,1,4,2,3,1,2,2,2,3,1,1,3,4,4,3,6,5
"148",2,5,2,2,3,3,3,3,3,2,3,3,4,4,4,4,4,4
"149",6,1,6,5,2,2,3,3,3,3,3,3,4,4,4,4,4,4
"150",5,5,5,5,3,4,5,5,2,5,5,5,5,5,5,5,5,5
"151",4,2,5,5,3,3,6,6,3,5,5,5,4,4,4,4,4,4
"152",5,1,5,3,3,3,2,2,2,4,2,2,6,5,4,4,4,5
"153",3,3,3,3,5,3,4,2,2,4,2,2,4,4,3,4,5,5
"154",4,2,4,3,3,3,3,3,3,3,3,3,6,4,4,4,4,4
"155",5,4,5,5,5,5,3,4,3,5,5,3,5,5,5,5,5,5
"156",6,5,5,5,6,5,5,5,5,6,6,6,6,6,6,5,5,5
"157",4,3,4,4,3,3,3,3,3,3,3,4,5,5,5,5,5,5
"158",6,1,6,6,1,1,1,3,4,5,3,4,6,6,6,6,6,6
"159",6,2,6,6,4,4,2,2,2,2,2,2,6,6,6,6,6,6
"160",6,3,6,5,5,4,3,3,5,4,5,5,6,6,5,4,5,5
"161",5,2,5,5,2,2,2,6,6,6,6,6,4,4,4,6,6,6
"162",6,4,6,6,4,2,1,4,5,3,3,3,6,6,6,6,6,6
"163",6,1,6,6,1,1,3,3,3,3,2,3,6,4,3,3,4,4
"164",6,1,6,6,1,1,3,3,3,3,3,3,3,3,3,3,3,3
"165",2,3,5,2,5,5,2,3,5,2,5,2,5,5,5,5,5,5
"166",6,4,6,6,6,3,6,6,6,6,6,6,6,6,6,6,6,6
"167",2,6,5,6,6,6,5,4,3,6,3,6,5,5,5,5,5,5
"168",6,4,6,6,6,4,6,3,3,6,4,6,6,6,6,6,6,6
"169",5,6,5,6,6,6,5,5,5,6,6,6,6,6,6,6,6,6
"170",2,5,6,2,5,5,5,5,4,5,2,5,5,5,4,5,5,6
"171",6,5,6,5,6,6,3,5,3,5,2,6,6,6,5,6,6,6
"172",5,3,6,4,4,4,2,2,1,4,2,5,6,5,4,4,5,5
"173",6,6,6,6,6,6,6,6,6,6,6,6,6,6,6,6,6,6
"174",5,3,4,4,4,3,3,5,4,5,4,5,4,4,4,4,4,5
"175",6,1,6,6,1,1,3,3,2,2,2,2,5,5,5,5,5,5
"176",5,3,4,4,3,3,3,4,4,4,4,4,4,4,4,4,4,4
"177",6,3,6,4,5,3,4,4,4,4,4,4,6,6,4,5,6,6
"178",5,5,5,4,6,5,3,5,4,5,5,5,5,5,5,5,5,5
"179",5,2,5,4,3,3,3,2,3,3,2,2,4,5,3,4,5,5
"180",3,3,5,4,4,3,4,4,4,5,4,5,4,4,3,4,4,4
"181",5,3,5,5,4,4,3,3,3,3,4,4,4,4,4,4,4,4
"182",5,5,5,5,6,5,5,2,2,5,5,5,6,6,6,6,6,6
"183",6,3,6,5,5,5,5,3,5,5,4,5,5,5,4,4,5,5
"184",6,1,6,6,6,6,3,3,3,6,3,6,6,6,6,6,6,6
"185",5,5,6,6,6,6,6,6,6,6,6,6,6,6,6,6,6,6
"186",4,5,6,4,6,6,2,3,3,6,6,6,6,6,6,6,6,6
"187",2,3,5,4,6,5,5,5,4,6,6,6,6,6,5,5,5,5
"188",6,3,5,4,4,5,5,4,5,5,2,5,6,6,6,6,6,6
"189",5,6,5,4,6,6,4,2,2,5,5,4,6,4,6,6,6,6
"190",2,5,6,6,6,6,5,6,5,6,2,5,6,6,6,6,6,6
"191",5,5,5,4,5,5,4,3,4,5,4,4,5,5,5,5,5,5
"192",6,2,5,4,5,4,5,3,2,5,2,3,5,5,5,5,5,5
"193",1,6,6,6,6,6,5,3,5,6,4,6,6,3,4,5,6,6
"194",6,6,6,6,6,1,6,3,4,6,6,4,6,6,6,6,6,6
"195",5,4,5,5,4,4,3,4,3,4,4,3,4,4,5,4,4,4
"196",6,3,6,5,5,4,3,3,5,5,5,5,5,5,5,5,5,5
"197",6,3,6,4,6,6,3,5,3,6,3,6,6,6,6,6,6,6
"198",5,4,5,4,5,4,3,3,2,5,4,4,5,3,3,4,4,5
"199",5,5,5,5,5,5,2,2,2,5,5,5,5,5,5,5,5,5
"200",6,1,6,6,3,3,3,5,5,5,2,5,5,5,5,5,5,6
"201",5,3,5,4,5,3,2,3,2,5,2,5,5,5,4,5,5,5
"202",5,5,5,5,5,5,5,5,5,5,5,5,5,3,3,5,5,5
"203",2,5,3,3,5,4,2,5,3,5,5,5,4,4,4,4,4,5
"204",5,2,5,5,2,2,3,4,4,4,4,4,4,4,3,4,4,4
"205",5,4,4,4,5,4,3,3,2,4,4,3,5,5,5,5,5,5
"206",3,3,3,4,5,4,4,2,2,5,2,4,5,4,5,4,4,5
"207",5,4,6,4,6,5,2,2,2,5,6,2,6,4,2,5,5,6
"208",6,4,5,5,5,5,3,3,2,5,5,5,6,4,5,5,6,6
"209",4,5,6,5,5,5,5,5,6,6,6,6,5,5,5,5,5,5
"210",1,4,2,1,1,4,3,4,1,4,4,1,4,2,2,2,3,2
"211",5,3,5,3,6,5,4,5,5,5,5,5,5,4,3,5,4,5
"212",3,4,5,5,5,5,5,2,2,5,2,5,5,5,5,5,5,5
"213",6,3,6,6,6,6,6,6,6,6,4,6,6,6,1,6,6,6
"214",5,6,6,5,6,6,4,4,4,6,6,6,6,6,6,6,6,6
"215",6,3,6,2,6,4,4,4,3,5,5,3,6,5,4,6,6,6
"216",5,4,4,4,5,5,2,3,3,4,3,3,5,5,5,5,5,5
"217",6,5,6,6,5,5,3,3,3,5,5,5,6,6,6,6,6,6
"218",6,5,5,5,6,5,2,2,3,5,5,5,6,6,5,6,5,5
"219",4,4,2,4,6,5,5,3,3,5,1,5,6,6,3,6,6,6
"220",5,2,5,5,4,4,5,5,5,5,5,5,5,5,5,5,5,5
"221",5,5,5,5,5,5,5,2,2,5,5,2,5,5,2,5,5,5
"222",6,6,5,3,6,6,6,6,6,6,6,6,6,6,6,6,6,6
"223",5,4,6,4,5,5,4,2,3,6,4,4,6,6,6,5,5,5
"224",5,4,5,5,5,3,5,3,4,5,5,5,5,5,5,5,5,5
"225",3,4,4,3,5,5,4,4,4,6,4,5,5,5,3,5,5,5
"226",6,4,6,6,6,5,5,5,4,4,5,5,6,6,2,2,3,6
"227",1,4,4,3,6,6,6,6,6,6,3,6,1,3,3,4,6,6
"228",5,3,5,3,4,4,4,5,4,5,4,4,3,3,4,3,3,3
"229",3,3,5,4,5,4,4,3,4,5,3,4,5,3,4,4,4,4
"230",2,5,5,2,5,5,5,5,3,5,3,5,5,4,5,5,5,5
"231",5,3,4,4,3,3,3,3,4,4,4,4,4,3,4,4,3,4
"232",1,6,6,6,6,6,6,6,6,6,6,6,6,6,6,6,6,6
"233",5,4,5,5,6,4,3,2,5,6,6,5,5,5,5,5,5,5
"234",5,4,6,6,6,5,6,3,3,6,6,5,6,6,5,6,6,6
"235",5,5,5,2,5,5,4,4,4,5,3,5,5,5,2,5,5,5
"236",5,3,5,5,3,3,3,3,5,5,5,5,5,5,5,5,5,5
"237",5,2,5,5,2,2,3,3,3,3,3,3,5,5,5,5,5,5
"238",6,3,6,5,6,6,3,1,3,3,1,3,6,6,6,6,5,6
"239",4,3,5,3,6,5,5,5,3,5,3,5,5,3,2,5,5,5
"240",4,4,5,4,5,5,3,2,2,5,5,5,5,4,3,5,4,5
"241",4,3,4,4,6,5,5,5,5,5,5,5,5,5,4,4,4,4
"242",1,3,1,3,6,6,3,3,3,6,4,6,6,6,6,6,6,6
"243",5,6,6,5,6,4,3,3,3,5,3,4,5,5,3,5,4,4
"244",6,3,6,4,6,6,5,5,3,6,6,6,6,5,5,6,6,6
"245",5,3,5,3,5,5,3,4,5,6,5,5,5,5,2,5,5,5
"246",5,4,6,4,6,6,4,2,2,5,5,3,5,4,2,5,6,6
"247",6,2,6,6,1,1,5,6,6,6,6,6,6,6,6,6,6,6
"248",4,4,5,5,4,4,4,3,4,5,3,5,5,4,3,4,5,5
"249",4,3,5,2,4,4,5,4,5,5,4,5,5,3,4,3,3,3
"250",3,4,4,3,6,6,4,3,3,5,3,4,6,4,3,5,5,5
"251",5,2,5,5,5,2,2,2,2,5,2,2,5,5,5,5,5,5
"252",6,5,6,6,6,6,6,2,2,6,6,2,6,6,2,6,2,5
"253",4,4,5,4,5,5,5,5,3,5,5,5,5,4,3,3,5,5
"254",4,5,5,4,6,4,3,5,4,6,4,4,4,3,2,4,4,4
"255",6,2,5,4,5,3,6,5,5,2,2,3,2,4,1,2,4,5
"256",5,3,5,4,4,4,3,4,3,5,3,4,5,4,3,4,5,5
"257",4,3,5,3,5,4,3,3,3,5,1,5,6,2,1,4,4,4
"258",5,2,3,4,4,2,3,3,4,4,2,3,4,3,4,3,4,5
"259",6,3,5,6,6,4,3,3,3,5,3,4,5,5,5,4,4,6
"260",3,4,3,3,4,4,4,4,5,3,4,3,4,3,3,4,3,3
"261",5,4,5,5,2,2,5,5,5,5,5,5,5,5,5,5,5,5
"262",6,3,6,6,1,2,3,2,2,4,2,2,6,6,6,6,6,6
"263",5,4,5,5,5,2,6,6,6,6,6,6,6,4,5,5,6,6
"264",6,3,5,5,5,3,5,5,5,6,5,5,6,6,6,6,6,6
"265",3,3,5,3,5,4,5,5,5,5,5,5,4,5,4,4,4,4
"266",6,4,5,5,5,5,3,3,2,5,5,3,5,4,4,4,4,5
"267",5,2,5,4,3,3,3,3,5,4,4,4,5,3,3,3,4,4
"268",2,4,3,2,5,4,4,5,4,5,5,4,3,2,3,2,2,3
"269",3,1,4,4,3,1,3,1,2,2,1,3,6,5,4,5,5,4
"270",6,4,5,5,5,4,5,5,4,4,2,3,4,3,6,4,4,4
"271",6,3,5,4,4,3,4,4,4,4,4,3,4,3,2,3,5,5
"272",5,3,5,2,6,5,5,4,3,5,2,4,5,5,2,5,5,5
"273",6,2,6,6,6,5,3,5,5,5,4,5,5,5,5,5,5,5
"274",2,2,5,4,5,3,3,3,3,5,3,2,1,2,4,4,4,4
"275",6,3,5,4,3,3,3,3,3,4,3,3,4,3,3,4,4,4
"276",4,4,4,4,4,4,3,3,3,4,4,4,4,4,4,4,4,4
"277",5,2,5,4,4,2,5,3,3,5,5,5,5,5,5,5,5,5
"278",6,2,6,4,4,3,2,2,2,4,3,3,5,5,5,5,5,5
"279",4,2,5,5,4,2,4,5,5,5,2,2,5,5,3,3,5,5
"280",4,2,5,3,4,2,3,3,2,3,2,1,5,5,4,5,6,6
"281",5,3,6,4,5,3,3,3,3,4,3,2,4,4,4,4,4,4
"282",5,2,5,5,6,3,3,3,3,4,3,3,5,3,5,5,5,5
"283",6,2,6,6,6,2,2,2,2,4,3,1,5,5,5,5,5,5
"284",6,1,6,6,1,1,4,6,6,6,6,6,6,6,6,6,6,6
"285",6,3,6,6,6,6,3,6,6,6,6,6,5,5,5,5,6,6
"286",6,3,6,6,3,3,2,2,2,3,3,3,5,5,5,5,5,5
"287",5,2,5,5,4,4,5,5,5,5,5,5,5,5,5,5,5,5
"288",5,1,4,3,4,3,3,3,3,3,2,3,4,4,3,3,5,4
"289",5,3,4,5,4,3,3,3,3,4,3,4,5,4,3,4,5,4
"290",6,2,6,6,4,5,6,3,3,6,6,5,6,6,6,6,6,6
"291",4,2,5,4,6,3,5,5,5,6,4,3,4,4,4,4,4,4
"292",3,2,5,4,4,2,4,3,5,5,5,5,5,6,5,5,5,5
"293",5,3,5,5,5,4,5,5,5,5,3,4,4,4,4,3,4,4
"294",6,2,6,5,5,1,4,2,1,3,5,2,6,6,5,6,6,6
"295",5,2,5,4,3,3,5,3,3,5,3,5,5,4,4,4,4,4
"296",4,2,5,4,3,3,3,5,5,5,5,5,5,5,5,4,4,4
"297",6,1,6,5,4,3,5,2,3,4,5,4,3,4,3,4,3,4
"298",5,2,5,5,4,2,2,4,4,4,4,4,4,4,4,3,4,5
"299",5,2,5,5,2,2,4,4,4,4,4,4,5,5,5,5,5,5
"300",5,2,5,4,5,3,3,4,3,4,3,3,4,4,3,4,4,3
"301",5,2,4,4,3,3,3,3,2,3,4,3,5,4,4,5,4,3
"302",3,3,3,4,4,3,2,4,3,3,4,3,3,4,3,4,3,5
"303",6,1,5,3,4,4,4,3,3,5,1,6,2,5,2,4,3,4
"304",6,4,6,6,3,4,4,4,3,5,5,5,5,5,3,4,4,5
"305",4,1,5,2,2,1,2,2,1,2,2,2,2,2,2,2,2,2
"306",6,3,6,6,3,3,6,6,6,6,6,6,6,6,6,6,6,6
"307",4,3,4,4,3,3,3,3,3,3,3,3,4,4,4,4,4,4
"308",4,1,1,1,1,1,5,1,1,1,1,1,1,1,1,1,1,1
"309",5,3,5,5,5,4,5,5,3,5,5,5,5,5,5,5,5,5
"310",3,3,2,4,3,5,3,5,3,3,4,3,4,4,3,3,4,4
"311",2,5,6,6,5,2,6,4,4,4,4,4,4,4,4,4,4,4
"312",6,2,4,3,6,2,3,3,4,5,5,5,5,5,4,4,5,5
"313",5,3,5,4,3,3,4,3,3,3,3,4,4,4,4,4,4,4
"314",5,4,4,5,3,2,5,5,5,5,4,4,6,5,5,5,5,5
"315",4,2,5,5,6,6,4,2,2,4,2,3,5,3,4,5,5,5
"316",4,3,4,4,5,5,5,5,5,5,5,5,4,5,5,5,5,5
"317",4,3,5,3,5,3,3,3,2,4,2,5,5,5,3,4,4,5
"318",5,2,5,5,4,2,5,4,4,5,4,5,5,4,4,4,4,4
"319",4,4,3,4,3,3,5,5,5,5,3,3,3,4,4,4,2,3
"320",2,1,6,4,6,4,3,5,2,4,4,3,4,4,5,3,3,4
"321",5,2,4,2,4,2,5,3,3,3,2,3,4,4,4,4,4,4
"322",4,1,4,2,2,4,4,3,4,4,2,5,3,4,5,2,4,4
"323",1,1,2,2,5,1,1,3,4,4,4,5,6,6,1,3,3,6
"324",2,4,3,3,3,3,4,4,5,5,6,6,2,2,3,3,2,3
"325",5,2,5,5,6,2,5,2,5,3,2,5,5,3,1,4,5,5
"326",4,3,4,5,6,3,5,5,5,5,5,5,6,6,5,6,6,6
"327",6,1,6,6,1,6,3,3,3,6,1,6,6,6,6,6,6,6
"328",5,2,5,3,4,4,2,2,2,4,4,2,6,6,6,6,6,6
"329",5,2,6,4,6,3,3,6,2,5,6,5,5,5,5,4,6,6
"330",5,2,5,4,5,2,5,5,5,5,5,5,5,4,5,5,5,5
"331",5,3,5,5,6,3,6,5,5,5,2,6,6,6,6,6,6,6
"332",5,5,5,3,5,5,5,5,5,5,5,5,5,5,5,5,5,5
"333",3,5,3,3,4,5,5,4,2,3,3,2,2,2,2,3,4,2
"334",3,3,5,6,4,3,5,4,3,4,5,4,4,2,3,5,4,4
"335",6,4,5,5,4,4,3,5,3,5,3,3,5,5,5,5,5,5
"336",4,5,5,4,5,5,5,6,6,6,6,6,5,5,5,5,5,5
"337",5,2,5,5,5,2,5,3,2,5,3,5,3,5,3,3,5,5
"338",4,2,4,4,3,3,5,5,5,5,5,5,4,4,4,4,4,4
"339",5,4,5,4,5,3,3,4,5,5,4,5,5,4,4,4,4,5
"340",6,1,6,6,1,1,1,1,1,1,1,1,6,6,6,6,6,6
"341",5,1,6,6,3,2,3,5,5,5,2,5,6,6,6,6,6,6
"342",5,2,5,5,5,2,5,2,2,3,2,4,2,5,2,2,5,5
"343",6,3,6,5,4,3,6,6,6,6,6,6,6,6,6,6,6,6
"344",4,3,4,3,5,4,4,4,5,5,5,5,4,4,4,4,4,4
"345",5,2,4,4,4,4,4,4,5,5,3,5,4,4,4,4,4,4
"346",6,3,6,6,6,3,5,5,5,6,5,5,5,5,5,4,5,5
"347",4,1,5,4,1,1,5,1,1,1,2,4,5,5,5,5,5,5
"348",5,3,5,4,5,4,4,4,4,4,3,5,6,6,3,5,6,6
"349",4,2,3,3,4,3,2,3,2,3,2,3,4,3,3,3,3,4
"350",5,3,4,5,4,4,4,5,4,4,4,4,4,4,4,4,4,4
"351",5,1,5,2,3,2,5,5,3,4,3,3,4,3,3,3,3,4
"352",5,2,5,5,6,5,5,5,5,5,5,5,2,2,2,2,2,2
"353",4,3,5,5,4,3,3,5,5,5,5,5,6,6,6,6,6,6
"354",5,2,5,5,2,2,3,2,2,5,5,5,6,6,6,6,6,6
"355",4,1,4,2,3,1,4,2,2,2,2,2,3,3,2,2,2,3
"356",5,2,5,6,5,2,2,2,2,2,2,2,6,6,6,6,6,6
"357",5,2,5,5,2,2,2,2,2,2,2,2,5,5,5,5,5,5
"358",5,2,5,5,2,2,2,2,2,2,2,2,5,5,5,5,5,5
"359",5,2,5,5,2,2,2,2,2,2,2,2,5,5,5,5,5,5
"360",5,2,5,5,3,2,4,5,5,4,2,4,5,3,3,3,3,3
"361",6,5,6,6,5,5,1,5,4,5,5,4,6,3,6,6,6,6
"362",4,2,4,2,3,3,5,5,6,5,1,3,3,4,1,3,5,6
"363",6,3,6,6,6,4,5,3,3,4,4,4,6,5,5,5,5,5
"364",6,1,6,6,3,2,3,3,3,3,3,3,4,4,4,4,4,4
"365",4,3,4,4,3,3,5,5,5,5,5,5,4,4,4,4,4,4
"366",5,4,4,4,5,4,5,4,5,5,5,5,5,5,4,4,4,4
"367",6,2,6,6,4,2,4,2,2,4,4,4,4,5,4,4,4,6
"368",5,2,5,4,5,4,2,3,2,5,3,4,5,4,4,5,5,5
"369",5,2,4,4,4,2,3,4,4,3,2,4,5,5,5,5,5,5
"370",5,4,6,5,4,4,6,4,5,5,6,5,6,6,4,5,6,6
"371",5,2,5,4,3,3,4,4,2,4,2,3,5,5,5,5,5,5
"372",4,3,4,4,3,4,4,4,4,4,4,4,4,4,4,5,5,5
"373",5,5,6,6,5,5,5,5,5,5,5,5,5,5,5,5,5,5
"374",5,3,4,4,4,3,3,4,3,3,3,3,4,4,3,4,3,4
"375",6,1,2,2,4,2,1,1,1,1,1,1,6,6,6,6,6,6
"376",6,4,3,3,4,4,4,4,4,4,4,4,5,4,1,1,5,1
"377",5,2,5,5,5,2,2,2,2,4,5,2,5,5,2,2,2,2
"378",6,2,5,4,6,4,5,4,4,4,3,5,5,5,4,5,5,5
"379",6,2,6,5,6,6,6,6,1,6,6,6,6,6,6,6,6,6
"380",4,4,6,6,6,6,3,4,3,6,6,4,5,6,6,5,5,6
"381",5,3,5,5,4,4,3,3,3,3,3,3,4,4,4,4,4,4
"382",4,2,4,4,5,3,3,3,5,4,2,5,4,3,2,3,4,4
"383",6,3,4,5,5,4,3,4,3,5,3,5,4,6,3,5,4,5
"384",6,2,5,5,4,3,1,2,2,5,2,3,6,4,4,4,5,5
"385",6,3,5,5,5,2,2,2,2,4,2,5,4,4,5,5,5,5
"386",4,1,4,4,5,1,3,3,3,4,4,4,4,5,3,4,3,4
"387",2,2,5,4,3,2,5,5,3,5,5,5,4,5,4,2,4,4
"388",5,3,4,4,5,3,5,5,5,5,5,5,6,4,4,5,5,5
"389",3,3,4,4,4,4,3,3,4,4,4,4,4,4,4,4,3,3
"390",5,3,5,5,5,3,3,3,4,4,4,4,5,5,4,4,4,4
"391",6,4,6,6,4,4,5,5,5,5,5,5,5,5,5,5,5,5
"392",4,1,4,3,5,3,5,3,3,4,3,4,4,4,3,3,4,4
"393",5,2,5,5,5,3,3,3,3,6,6,6,6,6,6,6,6,6
"394",5,1,5,4,3,2,4,4,5,4,3,4,5,5,3,4,3,3
"395",4,3,5,4,3,3,2,3,3,3,3,3,5,5,4,4,4,4
"396",5,2,5,5,4,3,2,3,3,2,3,3,5,5,5,5,4,4
"397",6,3,6,6,2,3,3,4,4,4,4,4,6,6,6,6,6,6
"398",5,1,4,2,4,3,3,4,3,4,3,4,4,4,4,4,4,4
"399",3,3,4,4,3,3,5,4,4,3,3,3,4,4,4,4,4,4
"400",6,1,6,2,6,1,3,3,3,3,2,3,3,4,5,3,5,5
"401",6,2,5,2,3,4,5,5,4,2,4,5,3,3,1,3,5,6
"402",5,4,4,4,5,3,4,2,3,4,3,3,6,3,5,4,4,5
"403",4,2,4,3,5,3,3,5,4,2,3,3,4,4,4,5,5,6
"404",4,2,4,5,4,3,4,4,3,3,3,4,5,4,4,5,6,6
"405",4,3,4,4,3,3,3,3,3,3,3,3,4,4,4,4,4,4
"406",5,2,5,5,5,4,3,3,5,4,5,5,5,5,5,5,5,5
"407",5,2,5,5,4,4,4,4,4,4,4,4,5,5,5,5,5,5
"408",5,2,5,5,5,2,5,5,5,5,5,5,5,5,5,5,5,5
"409",5,2,5,5,5,2,5,5,5,5,5,5,5,5,5,5,5,5
"410",5,2,5,5,5,2,5,5,5,5,5,5,5,5,5,5,5,5
"411",3,4,4,2,4,3,5,5,4,4,2,4,3,3,3,3,4,4
"412",2,3,5,5,5,2,5,4,4,5,2,5,5,4,5,5,6,6
"413",6,1,6,6,1,1,1,1,1,1,1,1,6,6,6,6,6,6
"414",4,3,5,4,6,5,4,5,3,4,3,5,5,5,4,5,4,5
"415",5,3,4,3,4,3,4,4,3,4,3,4,3,4,3,4,4,4
"416",5,2,5,5,4,4,5,3,3,4,3,4,4,4,4,4,4,4
"417",3,6,3,3,4,4,3,3,4,4,3,3,4,3,4,4,3,3
"418",6,4,5,5,2,1,6,6,5,4,4,5,4,4,3,4,5,5
"419",5,3,5,5,1,3,2,1,2,1,1,2,6,5,5,5,5,5
"420",3,3,4,4,4,3,3,3,3,4,4,3,4,4,3,4,4,4
"421",4,4,4,5,4,4,4,3,2,3,3,3,5,4,3,4,5,2
"422",6,1,6,6,1,1,1,1,1,1,1,1,6,6,6,6,6,6
"423",5,4,4,4,6,4,4,5,5,5,5,5,5,5,4,5,5,5
"424",4,2,4,4,4,3,5,3,3,4,4,3,4,3,4,3,4,3
"425",5,1,5,5,6,2,5,5,5,5,5,5,5,5,4,4,4,5
"426",4,2,3,4,4,3,4,3,4,3,4,3,3,4,3,4,3,4
"427",3,3,3,4,4,3,4,3,4,3,4,3,3,4,3,4,4,3
"428",3,2,5,4,5,2,3,2,3,4,1,3,5,5,5,5,5,5
"429",5,3,6,6,5,1,2,3,2,5,1,5,4,2,2,3,2,5
"430",5,5,5,5,5,2,5,5,5,5,2,5,5,5,2,5,2,5
"431",5,1,5,5,5,4,4,2,2,4,4,4,4,4,4,4,4,5
"432",3,5,4,3,5,4,3,3,2,3,3,3,5,4,4,4,5,4
"433",5,2,2,5,5,2,2,5,2,3,5,2,3,3,3,3,3,3
"434",6,1,6,6,1,1,1,1,1,1,1,1,6,6,6,6,6,6
"435",3,2,3,3,5,4,4,4,2,4,5,5,4,2,3,3,3,4
"436",6,5,5,2,6,4,6,5,6,6,5,5,6,6,5,6,5,6
"437",5,3,5,4,4,3,4,4,3,5,4,4,5,4,4,4,5,5
"438",1,6,1,6,6,5,5,5,5,5,5,5,6,6,6,6,6,6
"439",1,4,2,2,5,5,4,5,4,4,4,4,3,3,5,3,3,3
"440",5,2,5,5,2,2,5,5,5,5,5,5,5,5,5,5,5,5
"441",5,2,5,5,2,2,5,5,5,5,5,5,5,5,5,5,5,5
"442",5,2,5,5,6,2,3,3,3,3,3,3,4,4,4,4,4,4
"443",5,2,5,5,2,2,2,2,2,2,2,2,5,5,5,5,5,5
"444",4,3,4,3,4,4,4,5,4,4,4,4,3,3,4,4,4,4
"445",4,3,3,3,4,4,4,4,4,4,4,5,4,4,4,4,4,4
"446",6,2,6,4,6,3,5,5,3,6,2,5,4,5,5,5,6,6
"447",5,1,5,5,6,1,1,3,2,6,2,4,5,5,2,5,5,5
"448",1,1,3,2,4,1,6,1,5,2,1,3,5,2,2,2,2,3
"449",5,2,4,5,6,5,6,6,6,6,6,6,6,6,6,6,6,6
"450",5,1,4,5,3,3,1,2,2,3,3,4,4,5,4,5,5,5
"451",6,3,4,5,5,2,5,3,3,1,2,2,5,3,3,4,4,6
"452",6,1,6,6,6,3,5,3,3,3,4,6,6,6,4,5,6,6
"453",5,1,5,5,3,1,3,3,2,2,2,2,5,5,5,5,5,5
"454",5,2,5,4,4,3,4,5,4,5,5,5,3,5,5,6,6,5
"455",2,2,3,4,5,2,5,5,5,6,5,5,4,5,2,2,4,2
"456",5,2,5,5,5,3,4,5,5,4,4,4,6,4,4,4,4,6
"457",5,1,5,5,5,3,6,6,5,6,4,6,6,5,4,4,4,4
"458",6,1,6,1,2,2,3,3,3,5,2,3,6,5,3,4,5,5
"459",5,3,5,5,4,3,5,3,2,5,4,5,5,3,2,4,3,5
"460",5,2,6,2,5,2,2,4,4,4,4,4,4,4,4,5,5,5
"461",2,1,6,5,6,5,6,6,2,6,3,3,6,6,6,6,6,6
"462",4,3,5,5,4,2,4,4,4,4,2,4,5,4,3,3,5,5
"463",5,2,5,2,5,4,5,5,3,3,3,5,2,4,2,2,2,5
"464",4,3,4,4,3,3,3,3,3,3,3,3,4,4,4,4,4,4
"465",6,2,5,5,3,4,5,3,5,5,2,4,6,5,5,4,5,4
"466",5,2,4,2,2,1,5,2,3,3,2,3,2,2,2,2,2,4
"467",6,2,4,5,4,1,5,5,5,5,5,5,6,6,6,6,6,6
"468",1,1,4,3,3,4,2,2,2,3,2,3,3,3,3,4,3,3
"469",2,1,3,1,4,1,6,4,2,1,1,4,1,2,2,2,2,5
"470",4,1,4,4,3,3,2,4,3,3,3,3,4,4,3,3,4,4
"471",3,2,5,4,4,2,2,2,2,3,2,2,4,3,3,4,4,4
"472",6,3,5,3,5,4,5,5,5,5,5,5,5,5,5,5,5,5
"473",6,2,4,4,6,3,4,5,5,6,6,6,6,5,4,4,5,5
"474",1,1,1,1,1,1,1,2,1,1,1,1,1,5,6,3,1,3
"475",5,2,5,5,2,2,4,4,4,4,4,4,4,4,4,4,4,4
"476",2,3,5,2,4,2,6,4,1,5,2,2,5,5,2,5,5,5
"477",1,1,4,2,3,1,2,2,2,1,1,2,2,4,1,1,2,2
"478",5,2,5,5,5,2,2,2,2,4,3,2,5,4,5,5,5,5
"479",6,6,5,6,6,6,3,3,2,6,6,3,6,6,6,6,6,6
"480",3,3,4,4,3,3,3,3,3,3,3,3,4,4,4,4,4,4
"481",6,1,6,6,1,1,6,6,6,6,6,6,6,6,6,6,6,6
"482",6,5,6,6,6,3,5,5,3,3,4,4,5,5,5,5,5,5
"483",2,2,5,2,5,2,5,2,2,5,2,2,5,5,5,2,5,5
"484",4,3,4,4,4,3,4,3,3,4,3,3,4,4,4,4,5,5
"485",4,3,5,4,5,4,3,3,3,5,3,3,4,3,3,4,4,4
"486",6,2,6,2,6,5,4,5,6,6,6,5,6,3,4,6,6,6
"487",5,3,4,5,3,3,4,4,4,5,4,4,4,5,3,4,4,4
"488",6,3,5,5,4,2,5,6,6,6,6,6,6,5,4,5,5,5
"489",5,5,5,5,6,5,5,5,5,5,5,5,5,5,5,5,5,5
"490",5,1,6,6,4,3,3,2,3,4,1,6,4,4,3,4,5,5
"491",6,1,6,6,4,1,1,1,1,1,1,1,6,6,6,6,6,6
"492",5,2,5,5,6,2,5,5,5,5,5,5,5,5,5,5,5,5
"493",4,3,4,4,3,4,3,2,2,4,4,4,5,5,5,5,5,5
"494",6,1,4,1,6,3,6,2,4,5,3,6,6,6,5,5,5,6
"495",6,6,6,6,6,6,6,6,6,6,6,6,6,6,6,6,6,6
"496",5,2,5,5,5,2,2,5,5,3,2,5,5,5,4,4,5,5
"497",6,2,6,5,5,4,5,5,5,5,5,5,5,5,5,5,5,5
"498",5,2,5,5,2,2,2,2,2,2,2,2,5,5,5,5,5,5
"499",5,2,5,5,2,2,5,5,5,5,5,5,5,5,5,5,5,5
"500",4,3,4,4,3,3,4,4,4,4,4,4,4,4,4,4,4,4
"501",5,3,5,5,5,3,3,3,3,4,4,4,6,6,6,6,6,6
"502",2,1,2,2,4,2,5,2,2,3,4,6,4,2,5,5,4,6
"503",5,3,4,3,4,4,4,3,3,5,3,4,4,5,5,5,5,5
"504",5,1,5,5,3,3,5,5,5,6,5,5,4,4,2,4,4,5
"505",4,2,5,5,2,2,4,5,5,5,3,5,4,4,4,4,5,4
"506",6,2,6,6,4,4,6,6,6,6,6,6,6,6,6,6,6,6
"507",6,3,5,6,4,4,3,3,3,4,4,4,5,4,4,4,4,5
